player_name,team,goals,goals_right_foot,goals_left_foot,goals_head,goals_other,goals_inside_area,goals_outside_area,penalties_scored,matches_played
Kylian Mbappé,Real Madrid,13,11,0,2,0,11,2,3,8
Anthony Gordon,Newcastle,10,8,2,0,0,10,0,5,10
Harry Kane,Bayern München,8,6,1,1,0,8,0,2,8
Victor Osimhen,Galatasaray,7,5,1,1,0,7,0,3,8
Erling Haaland,Man City,7,1,4,2,0,7,0,1,8
Gabriel Martinelli,Arsenal,6,4,1,0,0,4,2,0,7
Jens Petter Hauge,Bodø/Glimt,6,3,3,0,0,5,1,0,10
Gorka Guruzeta,Athletic Club,5,4,1,0,0,3,2,0,7
Vitinha,Paris,5,4,1,0,0,2,3,1,10
Marcus Rashford,Barcelona,5,4,0,1,0,2,3,0,8
Julián Alvarez,Atleti,5,3,2,0,0,5,0,2,9
Harvey Barnes,Newcastle,5,3,2,0,0,5,0,0,10
Camilo Duran,Qarabağ,5,2,3,0,0,5,0,0,10
Fermín López,Barcelona,5,2,3,0,0,4,1,0,7
Folarin Balogun,Monaco,5,2,2,1,0,5,0,0,10
Alexander Sørloth,Atleti,5,1,2,2,0,5,0,0,9
Khvicha Kvaratskhelia,Paris,4,4,0,0,0,3,1,0,9
Igor Paixão,Marseille,4,4,0,0,0,1,3,0,8
Lautaro Martínez,Inter,4,3,1,0,0,4,0,0,8
Dominik Szoboszlai,Liverpool,4,3,1,0,0,2,2,1,8
Luis Suárez,Sporting CP,4,3,0,1,0,4,0,1,8
Viktor Gyökeres,Arsenal,4,3,0,0,1,3,1,0,6
Kasper Høgh,Bodø/Glimt,4,2,2,0,0,4,0,0,10
Weston McKennie,Juventus,4,2,0,2,0,4,0,0,10
Serhou Guirassy,B. Dortmund,4,2,0,2,0,4,0,0,10
Alejandro Grimaldo,Leverkusen,4,1,3,0,0,3,1,0,10
Francisco Trincão,Sporting CP,4,1,3,0,0,3,1,0,7
Désiré Doué,Paris,4,1,3,0,0,3,1,0,6
Patrik Schick,Leverkusen,4,0,1,3,0,4,0,0,8
Scott McTominay,Napoli,4,0,0,3,1,4,0,0,8
Nicolo Tresoldi,Club Brugge,3,3,0,0,0,3,0,0,10
Vinícius Júnior,Real Madrid,3,3,0,0,0,3,0,0,10
Leandro Andrade,Qarabağ,3,3,0,0,0,3,0,0,9
Gelson Martins,Olympiacos,3,3,0,0,0,3,0,0,9
Alisson Santos,Sporting CP,3,3,0,0,0,3,0,0,8
Randal Kolo Muani,Tottenham,3,3,0,0,0,3,0,0,7
Luis Díaz,Bayern München,3,3,0,0,0,3,0,0,6
Ricardo Pepi,PSV,3,3,0,0,0,3,0,0,5
Marcos Llorente,Atleti,3,3,0,0,0,2,1,0,8
Pierre-Emerick Aubameyang,Marseille,3,3,0,0,0,2,1,0,8
Rayan Cherki,Man City,3,3,0,0,0,2,1,0,6
Ismael Saibari,PSV,3,3,0,0,0,1,2,0,7
Felix Nmecha,B. Dortmund,3,3,0,0,0,0,3,0,10
Sondre Brunstad Fet,Bodø/Glimt,3,2,1,0,0,3,0,1,10
Julian Brandt,B. Dortmund,3,2,1,0,0,3,0,0,9
Dušan Vlahović,Juventus,3,2,1,0,0,3,0,0,4
Jordan Teze,Monaco,3,2,1,0,0,2,1,0,9
Anan Khalaili,Union SG,3,2,1,0,0,2,1,0,8
Couhaib Driouech,PSV,3,2,1,0,0,2,1,0,7
João Pedro,Chelsea,3,2,1,0,0,2,1,0,6
Oscar Gloukh,Ajax,3,2,1,0,0,1,2,0,8
Estêvão,Chelsea,3,1,2,0,0,3,0,1,7
Mason Greenwood,Marseille,3,1,2,0,0,3,0,0,8
Lennart Karl,Bayern München,3,1,2,0,0,2,1,0,6
Rasmus Højlund,Napoli,3,1,1,1,0,3,0,0,7
Gianluca Scamacca,Atalanta,3,1,0,2,0,3,0,0,8
Viktor Daðason,Copenhagen,3,1,0,2,0,2,1,0,6
Jordan Larsson,Copenhagen,3,0,3,0,0,3,0,1,8
Lamine Yamal,Barcelona,3,0,3,0,0,3,0,1,6
Lazar Samardžić,Atalanta,3,0,3,0,0,2,1,2,8
Karim Adeyemi,B. Dortmund,3,0,3,0,0,2,1,0,9
Noni Madueke,Arsenal,3,0,2,1,0,2,1,0,4
Alexis Mac Allister,Liverpool,3,0,1,2,0,3,0,0,8
Enzo Fernández,Chelsea,2,2,0,0,0,2,0,2,8
Vangelis Pavlidis,Benfica,2,2,0,0,0,2,0,1,10
Promise David,Union SG,2,2,0,0,0,2,0,1,7
Aleksandar Stanković,Club Brugge,2,2,0,0,0,2,0,0,10
Pio Esposito,Inter,2,2,0,0,0,2,0,0,9
Jonathan David,Juventus,2,2,0,0,0,2,0,0,9
Romeo Vermant,Club Brugge,2,2,0,0,0,2,0,0,8
Guus Til,PSV,2,2,0,0,0,2,0,0,8
Marquinhos,Paris,2,2,0,0,0,2,0,0,8
Nicolas Jackson,Bayern München,2,2,0,0,0,2,0,0,6
Ferran Torres,Barcelona,2,2,0,0,0,2,0,0,6
Federico Gatti,Juventus,2,2,0,0,0,2,0,0,5
Dominic Solanke,Tottenham,2,2,0,0,0,2,0,0,2
Aleix García,Leverkusen,2,2,0,0,0,1,1,1,10
Kasper Dolberg,Ajax,2,2,0,0,0,1,1,1,5
Hugo Ekitiké,Liverpool,2,2,0,0,0,1,1,0,8
Malik Tillman,Leverkusen,2,2,0,0,0,1,1,0,8
Robert Navarro,Athletic Club,2,2,0,0,0,1,1,0,7
Mislav Oršić,Pafos,2,2,0,0,0,0,2,0,8
Teun Koopmeiners,Juventus,2,1,1,0,0,2,0,0,10
Mamadou Diakhon,Club Brugge,2,1,1,0,0,2,0,0,9
Christos Tzolis,Club Brugge,2,1,1,0,0,2,0,0,9
Ansgar Knauff,Frankfurt,2,1,1,0,0,2,0,0,8
Noa Lang,Galatasaray,2,1,1,0,0,2,0,0,8
Jude Bellingham,Real Madrid,2,1,1,0,0,2,0,0,7
Charles De Ketelaere,Atalanta,2,1,1,0,0,2,0,0,7
Cody Gakpo,Liverpool,2,1,1,0,0,2,0,0,7
Robert Lewandowski,Barcelona,2,1,1,0,0,2,0,0,7
Raphael Onyedika,Club Brugge,2,1,1,0,0,2,0,0,6
Dennis Man,PSV,2,1,1,0,0,1,1,0,8
Willian Pacho,Paris,2,1,0,1,0,2,0,0,10
Mehdi Taremi,Olympiacos,2,1,0,1,0,2,0,0,10
Joelinton,Newcastle,2,1,0,1,0,2,0,0,8
Andreas Schjelderup,Benfica,2,1,0,1,0,2,0,0,7
Gabriel Jesus,Arsenal,2,1,0,1,0,2,0,0,3
Moises Caicedo,Chelsea,2,1,0,1,0,1,1,0,8
Robert,Copenhagen,2,1,0,1,0,1,1,0,6
Hans Vanaken,Club Brugge,2,1,0,0,1,2,0,0,10
Ramy Bensebaini,B. Dortmund,2,0,2,0,0,2,0,2,9
Bukayo Saka,Arsenal,2,0,2,0,0,2,0,1,6
Nuno Mendes,Paris,2,0,2,0,0,2,0,0,10
Elvin Jafarguliyev,Qarabağ,2,0,2,0,0,2,0,0,10
Carlos Forbs,Club Brugge,2,0,2,0,0,2,0,0,9
Gonçalo Ramos,Paris,2,0,2,0,0,2,0,0,9
Youssoupha Mbodji,Slavia Praha,2,0,2,0,0,2,0,0,7
Yunus Akgün,Galatasaray,2,0,2,0,0,2,0,0,7
Geovany Quenda,Sporting CP,2,0,2,0,0,2,0,0,5
Can Uzun,Frankfurt,2,0,2,0,0,2,0,0,5
Denzel Dumfries,Inter,2,0,2,0,0,2,0,0,5
Tani Oluwaseyi,Villarreal,2,0,2,0,0,1,1,0,7
Mohamed Salah,Liverpool,2,0,2,0,0,1,1,0,7
Phil Foden,Man City,2,0,2,0,0,0,2,0,7
Ayoub El Kaabi,Olympiacos,2,0,1,1,0,2,0,1,10
Daniel Svensson,B. Dortmund,2,0,1,1,0,2,0,0,9
Mikel Merino,Arsenal,2,0,1,1,0,2,0,0,7
Micky van de Ven,Tottenham,2,0,1,1,0,2,0,0,6
Jonathan Burkardt,Frankfurt,2,0,1,1,0,2,0,0,5
Ademola Lookman,Atleti,2,0,1,0,1,2,0,0,9
Leandro Barreiro,Benfica,2,0,1,0,0,2,0,0,9
Giuliano Simeone,Atleti,2,0,0,2,0,2,0,0,9
Marcus Thuram,Inter,2,0,0,2,0,2,0,0,9
Virgil van Dijk,Liverpool,2,0,0,2,0,2,0,0,8
Jules Koundé,Barcelona,2,0,0,2,0,2,0,0,8
Mario Pašalić,Atalanta,2,0,0,2,0,2,0,0,7
Manuel Locatelli,Juventus,1,1,0,0,0,1,0,1,9
Fares Chaibi,Frankfurt,1,1,0,0,0,1,0,1,8
Jorginho,Kairat Almaty,1,1,0,0,0,1,0,1,8
Xavi Simons,Tottenham,1,1,0,0,0,1,0,1,8
Ivan Perišić,PSV,1,1,0,0,0,1,0,1,8
Hakan Çalhanoğlu,Inter,1,1,0,0,0,1,0,1,6
Mohammed Kudus,Tottenham,1,1,0,0,0,1,0,1,5
Wout Weghorst,Ajax,1,1,0,0,0,1,0,1,5
Eric Dier,Monaco,1,1,0,0,0,1,0,1,3
Matheus Silva,Qarabağ,1,1,0,0,0,1,0,0,10
Fredrik Sjøvold,Bodø/Glimt,1,1,0,0,0,1,0,0,10
Barış Alper Yılmaz,Galatasaray,1,1,0,0,0,1,0,0,10
Håkon Evjen,Bodø/Glimt,1,1,0,0,0,1,0,0,10
Aurélien Tchouaméni,Real Madrid,1,1,0,0,0,1,0,0,10
Nikola Krstović,Atalanta,1,1,0,0,0,1,0,0,10
Piotr Zieliński,Inter,1,1,0,0,0,1,0,0,10
Christian Kofane,Leverkusen,1,1,0,0,0,1,0,0,9
Maximilian Beier,B. Dortmund,1,1,0,0,0,1,0,0,9
Sandro Tonali,Newcastle,1,1,0,0,0,1,0,0,9
Fábio Silva,B. Dortmund,1,1,0,0,0,1,0,0,9
Khephren Thuram,Juventus,1,1,0,0,0,1,0,0,9
Alessandro Bastoni,Inter,1,1,0,0,0,1,0,0,9
Bahlul Mustafazade,Qarabağ,1,1,0,0,0,1,0,0,9
Richard Ríos,Benfica,1,1,0,0,0,1,0,0,8
Štěpán Chaloupek,Slavia Praha,1,1,0,0,0,1,0,0,8
Éderson,Atalanta,1,1,0,0,0,1,0,0,8
Kevin Mac Allister,Union SG,1,1,0,0,0,1,0,0,8
Loïs Openda,Juventus,1,1,0,0,0,1,0,0,8
Brahim Díaz,Real Madrid,1,1,0,0,0,1,0,0,8
Jonathan Tah,Bayern München,1,1,0,0,0,1,0,0,8
Edmilson,Kairat Almaty,1,1,0,0,0,1,0,0,7
Anton Gaaei,Ajax,1,1,0,0,0,1,0,0,7
Nico O’Reilly,Man City,1,1,0,0,0,1,0,0,7
João Neves,Paris,1,1,0,0,0,1,0,0,7
Yan Couto,B. Dortmund,1,1,0,0,0,1,0,0,7
Georges Mikautadze,Villarreal,1,1,0,0,0,1,0,0,7
Wilson Odobert,Tottenham,1,1,0,0,0,1,0,0,7
Elias Achouri,Copenhagen,1,1,0,0,0,1,0,0,7
Bruno,Pafos,1,1,0,0,0,1,0,0,7
Anouar Ait El Hadj,Union SG,1,1,0,0,0,1,0,0,7
Vasil Kušej,Slavia Praha,1,1,0,0,0,1,0,0,7
Timothy Weah,Marseille,1,1,0,0,0,1,0,0,7
Achraf Hakimi,Paris,1,1,0,0,0,1,0,0,7
João Palhinha,Tottenham,1,1,0,0,0,1,0,0,7
Mohamed Elyounoussi,Copenhagen,1,1,0,0,0,1,0,0,7
Serge Gnabry,Bayern München,1,1,0,0,0,1,0,0,7
Franco Mastantuono,Real Madrid,1,1,0,0,0,1,0,0,6
Cristian Romero,Tottenham,1,1,0,0,0,1,0,0,6
Oihan Sancet,Athletic Club,1,1,0,0,0,1,0,0,6
Conor Gallagher,Atleti,1,1,0,0,0,1,0,0,6
Ousmane Dembélé,Paris,1,1,0,0,0,1,0,0,6
Sacha Boey,Galatasaray,1,1,0,0,0,1,0,0,5
Rodrygo,Real Madrid,1,1,0,0,0,1,0,0,5
Takumi Minamino,Monaco,1,1,0,0,0,1,0,0,5
Leandro Trossard,Arsenal,1,1,0,0,0,1,0,0,5
Federico Chiesa,Liverpool,1,1,0,0,0,1,0,0,4
Oliver Edvardsen,Ajax,1,1,0,0,0,1,0,0,4
Rasmus Kristensen,Frankfurt,1,1,0,0,0,1,0,0,4
Liam Delap,Chelsea,1,1,0,0,0,1,0,0,3
Daniel Bassi,Bodø/Glimt,1,1,0,0,0,1,0,0,2
Rafa Silva,Benfica,1,1,0,0,0,1,0,0,2
Ruben van Bommel,PSV,1,1,0,0,0,1,0,0,1
Marc Guiu,Chelsea,1,1,0,0,0,1,0,0,1
Jamal Musiala,Bayern München,1,1,0,0,0,1,0,0,1
Emmanuel Addai,Qarabağ,1,1,0,0,0,0,1,0,10
Kenan Yıldız,Juventus,1,1,0,0,0,0,1,0,10
Petar Sučić,Inter,1,1,0,0,0,0,1,0,10
Chiquinho,Olympiacos,1,1,0,0,0,0,1,0,10
Davide Zappacosta,Atalanta,1,1,0,0,0,0,1,0,9
Florian Wirtz,Liverpool,1,1,0,0,0,0,1,0,7
Dani Olmo,Barcelona,1,1,0,0,0,0,1,0,6
Adilet Sadybekov,Kairat Almaty,1,1,0,0,0,0,1,0,5
Johnny Cardoso,Atleti,1,1,0,0,0,0,1,0,5
Brennan Johnson,Tottenham,1,1,0,0,0,0,1,0,4
Marko Janković,Qarabağ,1,0,1,0,0,1,0,1,9
Raphinha,Barcelona,1,0,1,0,0,1,0,1,5
Gabriel Sara,Galatasaray,1,0,1,0,0,1,0,0,10
Maghnes Akliouche,Monaco,1,0,1,0,0,1,0,0,10
Nick Woltemade,Newcastle,1,0,1,0,0,1,0,0,10
Abdellah Zoubir,Qarabağ,1,0,1,0,0,1,0,0,10
Samuel Dahl,Benfica,1,0,1,0,0,1,0,0,9
Francisco Conceição,Juventus,1,0,1,0,0,1,0,0,9
Waldemar Anton,B. Dortmund,1,0,1,0,0,1,0,0,9
Antoine Griezmann,Atleti,1,0,1,0,0,1,0,0,9
Maximiliano Araújo,Sporting CP,1,0,1,0,0,1,0,0,8
Ole Didrik Blomberg,Bodø/Glimt,1,0,1,0,0,1,0,0,8
Michael Olise,Bayern München,1,0,1,0,0,1,0,0,8
Carney Chukwuemeka,B. Dortmund,1,0,1,0,0,1,0,0,8
Robin Le Normand,Atleti,1,0,1,0,0,1,0,0,8
Dávid Hancko,Atleti,1,0,1,0,0,1,0,0,8
Olexiy Kashchuk,Qarabağ,1,0,1,0,0,1,0,0,8
Senny Mayulu,Paris,1,0,1,0,0,1,0,0,7
Anderson,Pafos,1,0,1,0,0,1,0,0,7
Geny Catamo,Sporting CP,1,0,1,0,0,1,0,0,7
Alejandro Garnacho,Chelsea,1,0,1,0,0,1,0,0,7
Jeremy Doku,Man City,1,0,1,0,0,1,0,0,7
Fabián Ruiz,Paris,1,0,1,0,0,1,0,0,6
Dastan Satpayev,Kairat Almaty,1,0,1,0,0,1,0,0,5
Nico Serrano,Athletic Club,1,0,1,0,0,1,0,0,5
Ansu Fati,Monaco,1,0,1,0,0,1,0,0,5
Andy Robertson,Liverpool,1,0,1,0,0,1,0,0,5
Raphaël Guerreiro,Bayern München,1,0,1,0,0,1,0,0,5
Yoane Wissa,Newcastle,1,0,1,0,0,1,0,0,4
Tyrique George,Chelsea,1,0,1,0,0,1,0,0,4
Antonio Vergara,Napoli,1,0,1,0,0,1,0,0,4
Olzhas Baibek,Kairat Almaty,1,0,1,0,0,1,0,0,4
Andy Diouf,Inter,1,0,1,0,0,1,0,0,4
Andreas Cornelius,Copenhagen,1,0,1,0,0,1,0,0,3
Cole Palmer,Chelsea,1,0,1,0,0,1,0,0,2
Giacomo Raspadori,Atleti,1,0,1,0,0,1,0,0,2
Kai Havertz,Arsenal,1,0,1,0,0,1,0,0,1
Federico Dimarco,Inter,1,0,1,0,0,0,1,0,9
Vlad Dragomir,Pafos,1,0,1,0,0,0,1,0,8
Carlos Augusto,Inter,1,0,1,0,0,0,1,0,7
Jacob Murphy,Newcastle,1,0,1,0,0,0,1,0,7
Joel Ordoñez,Club Brugge,1,0,0,1,0,1,0,0,10
Anatoliy Trubin,Benfica,1,0,0,1,0,1,0,0,10
Andreas Helmersen,Bodø/Glimt,1,0,0,1,0,1,0,0,10
Brandon Mechele,Club Brugge,1,0,0,1,0,1,0,0,10
Santiago Hezze,Olympiacos,1,0,0,1,0,1,0,0,9
Dan Burn,Newcastle,1,0,0,1,0,1,0,0,9
Enzo Barrenechea,Benfica,1,0,0,1,0,1,0,0,9
Lloyd Kelly,Juventus,1,0,0,1,0,1,0,0,9
Malick Thiaw,Newcastle,1,0,0,1,0,1,0,0,9
Ricardinho,Kairat Almaty,1,0,0,1,0,1,0,0,8
Renato Veiga,Villarreal,1,0,0,1,0,1,0,0,8
Eduardo Camavinga,Real Madrid,1,0,0,1,0,1,0,0,8
Haitam Aleesami,Bodø/Glimt,1,0,0,1,0,1,0,0,8
Derrick Luckassen,Pafos,1,0,0,1,0,1,0,0,8
Lewis Miley,Newcastle,1,0,0,1,0,1,0,0,7
Costinha,Olympiacos,1,0,0,1,0,1,0,0,7
Sven Botman,Newcastle,1,0,0,1,0,1,0,0,7
Joe Willock,Newcastle,1,0,0,1,0,1,0,0,7
David Luiz,Pafos,1,0,0,1,0,1,0,0,7
Ross Sykes,Union SG,1,0,0,1,0,1,0,0,6
Richarlison,Tottenham,1,0,0,1,0,1,0,0,6
Jurriën Timber,Arsenal,1,0,0,1,0,1,0,0,6
Ibrahima Konaté,Liverpool,1,0,0,1,0,1,0,0,6
Bernardo Silva,Man City,1,0,0,1,0,1,0,0,6
Ousmane Diomande,Sporting CP,1,0,0,1,0,1,0,0,5
Gabriel,Arsenal,1,0,0,1,0,1,0,0,5
José María Giménez,Atleti,1,0,0,1,0,1,0,0,5
Ofri Arad,Kairat Almaty,1,0,0,1,0,1,0,0,4
Davinson Sánchez,Galatasaray,1,0,0,0,1,1,0,0,10
Santiago Comesaña,Villarreal,1,0,0,0,1,1,0,0,8
Yann Sommer,Inter,0,0,0,0,0,0,0,0,10
Pedro Bicalho,Qarabağ,0,0,0,0,0,0,0,0,10
Ibrahim Maza,Leverkusen,0,0,0,0,0,0,0,0,10
Francisco Ortega,Olympiacos,0,0,0,0,0,0,0,0,10
Odin Bjørtuft,Bodø/Glimt,0,0,0,0,0,0,0,0,10
Ange-Yoan Bonny,Inter,0,0,0,0,0,0,0,0,10
Christos Mouzakitis,Olympiacos,0,0,0,0,0,0,0,0,10
Jobe Bellingham,B. Dortmund,0,0,0,0,0,0,0,0,10
Arda Güler,Real Madrid,0,0,0,0,0,0,0,0,10
Warren Zaïre-Emery,Paris,0,0,0,0,0,0,0,0,10
Nikita Haikin,Bodø/Glimt,0,0,0,0,0,0,0,0,10
Kevin Medina,Qarabağ,0,0,0,0,0,0,0,0,10
Ernest Poku,Leverkusen,0,0,0,0,0,0,0,0,10
Bradley Barcola,Paris,0,0,0,0,0,0,0,0,10
Amar Dedić,Benfica,0,0,0,0,0,0,0,0,10
Lorenzo Pirola,Olympiacos,0,0,0,0,0,0,0,0,10
Pierre Kalulu,Juventus,0,0,0,0,0,0,0,0,10
Lucas Torreira,Galatasaray,0,0,0,0,0,0,0,0,10
Ismail Jakobs,Galatasaray,0,0,0,0,0,0,0,0,10
Mateusz Kochalski,Qarabağ,0,0,0,0,0,0,0,0,10
Manuel Akanji,Inter,0,0,0,0,0,0,0,0,10
Uğurcan Çakır,Galatasaray,0,0,0,0,0,0,0,0,10
Gregor Kobel,B. Dortmund,0,0,0,0,0,0,0,0,10
Patrick Berg,Bodø/Glimt,0,0,0,0,0,0,0,0,10
Roland Sallai,Galatasaray,0,0,0,0,0,0,0,0,10
Fredrik Aursnes,Benfica,0,0,0,0,0,0,0,0,10
Nicolás Otamendi,Benfica,0,0,0,0,0,0,0,0,10
Marten de Roon,Atalanta,0,0,0,0,0,0,0,0,10
Koke,Atleti,0,0,0,0,0,0,0,0,10
Mamadou Coulibaly,Monaco,0,0,0,0,0,0,0,0,9
Joaquin Seys,Club Brugge,0,0,0,0,0,0,0,0,9
Andrea Cambiaso,Juventus,0,0,0,0,0,0,0,0,9
Kyriani Sabbe,Club Brugge,0,0,0,0,0,0,0,0,9
Odilon Kossounou,Atalanta,0,0,0,0,0,0,0,0,9
Kostas Tzolakis,Olympiacos,0,0,0,0,0,0,0,0,9
Jarell Quansah,Leverkusen,0,0,0,0,0,0,0,0,9
Matteo Ruggeri,Atleti,0,0,0,0,0,0,0,0,9
Georgiy Sudakov,Benfica,0,0,0,0,0,0,0,0,9
Tomás Araújo,Benfica,0,0,0,0,0,0,0,0,9
Marco Carnesecchi,Atalanta,0,0,0,0,0,0,0,0,9
Federico Valverde,Real Madrid,0,0,0,0,0,0,0,0,9
Caio Henrique,Monaco,0,0,0,0,0,0,0,0,9
Julian Ryerson,B. Dortmund,0,0,0,0,0,0,0,0,9
Panagiotis Retsos,Olympiacos,0,0,0,0,0,0,0,0,9
Mauro Icardi,Galatasaray,0,0,0,0,0,0,0,0,9
Leroy Sané,Galatasaray,0,0,0,0,0,0,0,0,9
Thilo Kehrer,Monaco,0,0,0,0,0,0,0,0,9
Abdülkerim Bardakcı,Galatasaray,0,0,0,0,0,0,0,0,9
Berat Djimsiti,Atalanta,0,0,0,0,0,0,0,0,9
Jan Oblak,Atleti,0,0,0,0,0,0,0,0,9
Thibaut Courtois,Real Madrid,0,0,0,0,0,0,0,0,9
Sergi Cardona,Villarreal,0,0,0,0,0,0,0,0,8
Alejandro Rego,Athletic Club,0,0,0,0,0,0,0,0,8
Gabriel Pereira,Copenhagen,0,0,0,0,0,0,0,0,8
Gerard Martín,Barcelona,0,0,0,0,0,0,0,0,8
Nathaniel Brown,Frankfurt,0,0,0,0,0,0,0,0,8
Arthur,Leverkusen,0,0,0,0,0,0,0,0,8
Rodinei ,Olympiacos,0,0,0,0,0,0,0,0,8
Adem Zorgane,Union SG,0,0,0,0,0,0,0,0,8
Guglielmo Vicario,Tottenham,0,0,0,0,0,0,0,0,8
Christian Burgess,Union SG,0,0,0,0,0,0,0,0,8
Jerdy Schouten,PSV,0,0,0,0,0,0,0,0,8
Nahuel Molina,Atleti,0,0,0,0,0,0,0,0,8
Djed Spence,Tottenham,0,0,0,0,0,0,0,0,8
Vanderson,Monaco,0,0,0,0,0,0,0,0,8
Mika Biereth,Monaco,0,0,0,0,0,0,0,0,8
Alexandr Mrynskiy,Kairat Almaty,0,0,0,0,0,0,0,0,8
Jean-Matteo Bahoya,Frankfurt,0,0,0,0,0,0,0,0,8
Aleksandar Pavlović,Bayern München,0,0,0,0,0,0,0,0,8
Eren Elmalı,Galatasaray,0,0,0,0,0,0,0,0,8
Yerkin Tapalov,Kairat Almaty,0,0,0,0,0,0,0,0,8
Loïc Badé,Leverkusen,0,0,0,0,0,0,0,0,8
Mika Godts,Ajax,0,0,0,0,0,0,0,0,8
Álvaro Carreras,Real Madrid,0,0,0,0,0,0,0,0,8
Raúl Asencio,Real Madrid,0,0,0,0,0,0,0,0,8
Lewis Hall,Newcastle,0,0,0,0,0,0,0,0,8
Pablo Barrios,Atleti,0,0,0,0,0,0,0,0,8
Isak Dybvik Määttä,Bodø/Glimt,0,0,0,0,0,0,0,0,8
Lorenzo Bernasconi,Atalanta,0,0,0,0,0,0,0,0,8
Kamiel Van De Perre,Union SG,0,0,0,0,0,0,0,0,8
Sondre Auklend,Bodø/Glimt,0,0,0,0,0,0,0,0,8
Youri Regeer,Ajax,0,0,0,0,0,0,0,0,8
Youri Baas,Ajax,0,0,0,0,0,0,0,0,8
Arthur Theate,Frankfurt,0,0,0,0,0,0,0,0,8
Robin Koch,Frankfurt,0,0,0,0,0,0,0,0,8
Damir Kassabulat,Kairat Almaty,0,0,0,0,0,0,0,0,8
David Zima,Slavia Praha,0,0,0,0,0,0,0,0,8
Anthony Elanga,Newcastle,0,0,0,0,0,0,0,0,8
Kjell Scherpen,Union SG,0,0,0,0,0,0,0,0,8
Marcos Lopez,Copenhagen,0,0,0,0,0,0,0,0,8
Tijjani Reijnders,Man City,0,0,0,0,0,0,0,0,8
Ellyes Skhiri,Frankfurt,0,0,0,0,0,0,0,0,8
Edmond Tapsoba,Leverkusen,0,0,0,0,0,0,0,0,8
Nick Pope,Newcastle,0,0,0,0,0,0,0,0,8
Matěj Kovář,PSV,0,0,0,0,0,0,0,0,8
Toral Bayramov,Qarabağ,0,0,0,0,0,0,0,0,8
Álex Baena,Atleti,0,0,0,0,0,0,0,0,8
Nicolas Pépé,Villarreal,0,0,0,0,0,0,0,0,8
Joey Veerman,PSV,0,0,0,0,0,0,0,0,8
Fredrik André Bjørkan,Bodø/Glimt,0,0,0,0,0,0,0,0,8
Eric García,Barcelona,0,0,0,0,0,0,0,0,8
Dominik Kotarski,Copenhagen,0,0,0,0,0,0,0,0,8
Philipp Köhn,Monaco,0,0,0,0,0,0,0,0,8
Valeri Gromyko,Kairat Almaty,0,0,0,0,0,0,0,0,8
Dani García,Olympiacos,0,0,0,0,0,0,0,0,8
Egor Sorokin,Kairat Almaty,0,0,0,0,0,0,0,0,8
Michal Sadílek,Slavia Praha,0,0,0,0,0,0,0,0,8
Unai Simón,Athletic Club,0,0,0,0,0,0,0,0,8
Daniel Podence,Olympiacos,0,0,0,0,0,0,0,0,8
Gerónimo Rulli,Marseille,0,0,0,0,0,0,0,0,8
Joshua Kimmich,Bayern München,0,0,0,0,0,0,0,0,8
Nicolò Barella,Inter,0,0,0,0,0,0,0,0,8
Pêpê,Pafos,0,0,0,0,0,0,0,0,8
Lukáš Provod,Slavia Praha,0,0,0,0,0,0,0,0,8
Pierre-Emile Højbjerg,Marseille,0,0,0,0,0,0,0,0,8
Viktor Claesson,Copenhagen,0,0,0,0,0,0,0,0,8
Davy Klaassen,Ajax,0,0,0,0,0,0,0,0,8
Manuel Neuer,Bayern München,0,0,0,0,0,0,0,0,7
Frenkie de Jong,Barcelona,0,0,0,0,0,0,0,0,7
Equi Fernández,Leverkusen,0,0,0,0,0,0,0,0,7
Junnosuke Suzuki,Copenhagen,0,0,0,0,0,0,0,0,7
Honest Ahanor,Atalanta,0,0,0,0,0,0,0,0,7
Kamaldeen Sulemana,Atalanta,0,0,0,0,0,0,0,0,7
Dani Bolt,Qarabağ,0,0,0,0,0,0,0,0,7
Bruno Langa,Pafos,0,0,0,0,0,0,0,0,7
Mikel Jauregizar,Athletic Club,0,0,0,0,0,0,0,0,7
Ousseynou Niang,Union SG,0,0,0,0,0,0,0,0,7
Jajá,Pafos,0,0,0,0,0,0,0,0,7
Unai Gomez ,Athletic Club,0,0,0,0,0,0,0,0,7
Marc Pubill,Atleti,0,0,0,0,0,0,0,0,7
Jorthy Mokio,Ajax,0,0,0,0,0,0,0,0,7
Bjorn Meijer,Club Brugge,0,0,0,0,0,0,0,0,7
Kassoum Ouattara,Monaco,0,0,0,0,0,0,0,0,7
Myles Lewis-Skelly,Arsenal,0,0,0,0,0,0,0,0,7
João Simões,Sporting CP,0,0,0,0,0,0,0,0,7
Iván Fresneda,Sporting CP,0,0,0,0,0,0,0,0,7
Pau Cubarsí,Barcelona,0,0,0,0,0,0,0,0,7
Pape Sarr,Tottenham,0,0,0,0,0,0,0,0,7
Isak Hien,Atalanta,0,0,0,0,0,0,0,0,7
Tajon Buchanan,Villarreal,0,0,0,0,0,0,0,0,7
David Raya,Arsenal,0,0,0,0,0,0,0,0,7
Yarek Gasiorowski,PSV,0,0,0,0,0,0,0,0,7
Matt O'Riley,Marseille,0,0,0,0,0,0,0,0,7
Franjo Ivanović,Benfica,0,0,0,0,0,0,0,0,7
Alberto Moleiro,Villarreal,0,0,0,0,0,0,0,0,7
Tom Bischof,Bayern München,0,0,0,0,0,0,0,0,7
Vasilije Adžić,Juventus,0,0,0,0,0,0,0,0,7
Hugo Larsson,Frankfurt,0,0,0,0,0,0,0,0,7
Jacob Ramsey,Newcastle,0,0,0,0,0,0,0,0,7
Hidemasa Morita,Sporting CP,0,0,0,0,0,0,0,0,7
Ben White,Arsenal,0,0,0,0,0,0,0,0,7
Robert Sánchez,Chelsea,0,0,0,0,0,0,0,0,7
Jamie Gittens,Chelsea,0,0,0,0,0,0,0,0,7
Luis Henrique,Inter,0,0,0,0,0,0,0,0,7
Pape Gueye,Villarreal,0,0,0,0,0,0,0,0,7
Bruno Guimarães,Newcastle,0,0,0,0,0,0,0,0,7
Nicolás González,Atleti,0,0,0,0,0,0,0,0,7
Gonçalo Inácio,Sporting CP,0,0,0,0,0,0,0,0,7
Fabio Miretti,Juventus,0,0,0,0,0,0,0,0,7
Alejandro Balde,Barcelona,0,0,0,0,0,0,0,0,7
Nico Schlotterbeck,B. Dortmund,0,0,0,0,0,0,0,0,7
Mads Emil Madsen,Copenhagen,0,0,0,0,0,0,0,0,7
David Douděra,Slavia Praha,0,0,0,0,0,0,0,0,7
Eberechi Eze,Arsenal,0,0,0,0,0,0,0,0,7
Mario Lemina,Galatasaray,0,0,0,0,0,0,0,0,7
Ritsu Doan,Frankfurt,0,0,0,0,0,0,0,0,7
Fedde Leysen,Union SG,0,0,0,0,0,0,0,0,7
Aitor Paredes,Athletic Club,0,0,0,0,0,0,0,0,7
Nico González,Man City,0,0,0,0,0,0,0,0,7
Mauro Júnior,PSV,0,0,0,0,0,0,0,0,7
Kang-in Lee,Paris,0,0,0,0,0,0,0,0,7
Anass Salah-Eddine,PSV,0,0,0,0,0,0,0,0,7
Yann Bisseck,Inter,0,0,0,0,0,0,0,0,7
Michael Murillo,Marseille,0,0,0,0,0,0,0,0,7
Hugo Vetlesen,Club Brugge,0,0,0,0,0,0,0,0,7
Giulian Biancone,Olympiacos,0,0,0,0,0,0,0,0,7
Ryan Gravenberch,Liverpool,0,0,0,0,0,0,0,0,7
Reece James,Chelsea,0,0,0,0,0,0,0,0,7
Jostein Gundersen,Bodø/Glimt,0,0,0,0,0,0,0,0,7
Morten Hjulmand,Sporting CP,0,0,0,0,0,0,0,0,7
Eljif Elmas,Napoli,0,0,0,0,0,0,0,0,7
Raoul Bellanova,Atalanta,0,0,0,0,0,0,0,0,7
Quina,Pafos,0,0,0,0,0,0,0,0,7
Alessandro Buongiorno,Napoli,0,0,0,0,0,0,0,0,7
Davide Frattesi,Inter,0,0,0,0,0,0,0,0,7
Pantelis Hatzidiakos,Copenhagen,0,0,0,0,0,0,0,0,7
Dayot Upamecano,Bayern München,0,0,0,0,0,0,0,0,7
Kostas Pileas,Pafos,0,0,0,0,0,0,0,0,7
Gianluigi Donnarumma,Man City,0,0,0,0,0,0,0,0,7
Marc Cucurella,Chelsea,0,0,0,0,0,0,0,0,7
Vanja Milinković-Savić,Napoli,0,0,0,0,0,0,0,0,7
Andoni Gorosabel,Athletic Club,0,0,0,0,0,0,0,0,7
Giovanni Di Lorenzo,Napoli,0,0,0,0,0,0,0,0,7
Rui Silva,Sporting CP,0,0,0,0,0,0,0,0,7
Aleksandr Golovin,Monaco,0,0,0,0,0,0,0,0,7
Luís Mata,Kairat Almaty,0,0,0,0,0,0,0,0,7
Ivan Šunjić,Pafos,0,0,0,0,0,0,0,0,7
Rob Schoofs,Union SG,0,0,0,0,0,0,0,0,7
Robert Andrich,Leverkusen,0,0,0,0,0,0,0,0,7
Juan Jesus,Napoli,0,0,0,0,0,0,0,0,7
Tomáš Chorý,Slavia Praha,0,0,0,0,0,0,0,0,7
Iñigo Ruiz De Galarreta,Athletic Club,0,0,0,0,0,0,0,0,7
Mario Götze,Frankfurt,0,0,0,0,0,0,0,0,7
İlkay Gündoğan,Galatasaray,0,0,0,0,0,0,0,0,7
Kieran Trippier,Newcastle,0,0,0,0,0,0,0,0,7
Pedro Porro,Tottenham,0,0,0,0,0,0,0,0,7
Daniel Parejo,Villarreal,0,0,0,0,0,0,0,0,7
David Neres,Napoli,0,0,0,0,0,0,0,0,6
Lorenzo Scipioni,Olympiacos,0,0,0,0,0,0,0,0,6
Mons Bassouamina,Pafos,0,0,0,0,0,0,0,0,6
Youssoupha Sanyang,Slavia Praha,0,0,0,0,0,0,0,0,6
Lamine Camara,Monaco,0,0,0,0,0,0,0,0,6
David Goldar,Pafos,0,0,0,0,0,0,0,0,6
Juan Cabal,Juventus,0,0,0,0,0,0,0,0,6
Daniel Vivian,Athletic Club,0,0,0,0,0,0,0,0,6
Dean Huijsen,Real Madrid,0,0,0,0,0,0,0,0,6
Adama Boiro,Athletic Club,0,0,0,0,0,0,0,0,6
Santiago Mouriño,Villarreal,0,0,0,0,0,0,0,0,6
Kevin Rodriguez,Union SG,0,0,0,0,0,0,0,0,6
Savinho,Man City,0,0,0,0,0,0,0,0,6
Nariman Akhundzade,Qarabağ,0,0,0,0,0,0,0,0,6
Lucas Bergvall,Tottenham,0,0,0,0,0,0,0,0,6
Archie Gray,Tottenham,0,0,0,0,0,0,0,0,6
William Clem,Copenhagen,0,0,0,0,0,0,0,0,6
Mark Flekken,Leverkusen,0,0,0,0,0,0,0,0,6
Paul Wanner,PSV,0,0,0,0,0,0,0,0,6
Minjae Kim,Bayern München,0,0,0,0,0,0,0,0,6
Sam Beukema,Napoli,0,0,0,0,0,0,0,0,6
Ko Itakura,Ajax,0,0,0,0,0,0,0,0,6
Kady,Qarabağ,0,0,0,0,0,0,0,0,6
Martin Zubimendi,Arsenal,0,0,0,0,0,0,0,0,6
Omar Marmoush,Man City,0,0,0,0,0,0,0,0,6
Lucas Chevalier,Paris,0,0,0,0,0,0,0,0,6
Youssoufa Moukoko,Copenhagen,0,0,0,0,0,0,0,0,6
Nnamdi Collins,Frankfurt,0,0,0,0,0,0,0,0,6
Mathías Olivera,Napoli,0,0,0,0,0,0,0,0,6
Ronald Araújo,Barcelona,0,0,0,0,0,0,0,0,6
Malo Gusto,Chelsea,0,0,0,0,0,0,0,0,6
Alex Berenguer,Athletic Club,0,0,0,0,0,0,0,0,6
Temirlan Anarbekov,Kairat Almaty,0,0,0,0,0,0,0,0,6
Cristhian Mosquera,Arsenal,0,0,0,0,0,0,0,0,6
Christos Zafeiris,Slavia Praha,0,0,0,0,0,0,0,0,6
Destiny Udogie,Tottenham,0,0,0,0,0,0,0,0,6
Hugo Siquet,Club Brugge,0,0,0,0,0,0,0,0,6
António Silva,Benfica,0,0,0,0,0,0,0,0,6
Leonardo Balerdi,Marseille,0,0,0,0,0,0,0,0,6
Muhammed Cham,Slavia Praha,0,0,0,0,0,0,0,0,6
Matheus Reis,Sporting CP,0,0,0,0,0,0,0,0,6
Illia Zabarnyi,Paris,0,0,0,0,0,0,0,0,6
Edon Zhegrova,Juventus,0,0,0,0,0,0,0,0,6
Yunus Musah,Atalanta,0,0,0,0,0,0,0,0,6
Musa Gurbanli,Qarabağ,0,0,0,0,0,0,0,0,6
Vitězslav Jaroš,Ajax,0,0,0,0,0,0,0,0,6
Sergiño Dest,PSV,0,0,0,0,0,0,0,0,6
Ken Sema,Pafos,0,0,0,0,0,0,0,0,6
Pedro Neto,Chelsea,0,0,0,0,0,0,0,0,6
Curtis Jones,Liverpool,0,0,0,0,0,0,0,0,6
Michele Di Gregorio,Juventus,0,0,0,0,0,0,0,0,6
Josip Šutalo,Ajax,0,0,0,0,0,0,0,0,6
Owen Wijndal,Ajax,0,0,0,0,0,0,0,0,6
Neofytos Michael,Pafos,0,0,0,0,0,0,0,0,6
Mojmír Chytil,Slavia Praha,0,0,0,0,0,0,0,0,6
Armando Obispo,PSV,0,0,0,0,0,0,0,0,6
Mikel Vesga,Athletic Club,0,0,0,0,0,0,0,0,6
Declan Rice,Arsenal,0,0,0,0,0,0,0,0,6
Benjamin Pavard,Marseille,0,0,0,0,0,0,0,0,6
Kevin Danso,Tottenham,0,0,0,0,0,0,0,0,6
Denis Zakaria,Monaco,0,0,0,0,0,0,0,0,6
Trevoh Chalobah,Chelsea,0,0,0,0,0,0,0,0,6
Nany Dimata,Pafos,0,0,0,0,0,0,0,0,6
Nordin Jackers,Club Brugge,0,0,0,0,0,0,0,0,6
Konrad Laimer,Bayern München,0,0,0,0,0,0,0,0,6
Stanislav Lobotka,Napoli,0,0,0,0,0,0,0,0,6
Jindřich Staněk,Slavia Praha,0,0,0,0,0,0,0,0,6
Matteo Politano,Napoli,0,0,0,0,0,0,0,0,6
Leon Goretzka,Bayern München,0,0,0,0,0,0,0,0,6
Marcel Sabitzer,B. Dortmund,0,0,0,0,0,0,0,0,6
Leonardo Spinazzola,Napoli,0,0,0,0,0,0,0,0,6
Emre Can,B. Dortmund,0,0,0,0,0,0,0,0,6
Aleksandr Martynovich,Kairat Almaty,0,0,0,0,0,0,0,0,5
Trent Alexander-Arnold,Real Madrid,0,0,0,0,0,0,0,0,5
Michael Zetterer,Frankfurt,0,0,0,0,0,0,0,0,5
Luiz Júnior,Villarreal,0,0,0,0,0,0,0,0,5
Marc Giger,Union SG,0,0,0,0,0,0,0,0,5
David Moses,Slavia Praha,0,0,0,0,0,0,0,0,5
Claudio Echeverri,Leverkusen,0,0,0,0,0,0,0,0,5
Aladji Bamba,Monaco,0,0,0,0,0,0,0,0,5
Gianluca Prestianni,Benfica,0,0,0,0,0,0,0,0,5
Jesús Areso,Athletic Club,0,0,0,0,0,0,0,0,5
Raul Florucz,Union SG,0,0,0,0,0,0,0,0,5
Louis Patris,Union SG,0,0,0,0,0,0,0,0,5
Andrey Santos,Chelsea,0,0,0,0,0,0,0,0,5
Thiago Almada,Atleti,0,0,0,0,0,0,0,0,5
Mohammed Salisu,Monaco,0,0,0,0,0,0,0,0,5
Bruno Onyemaechi,Olympiacos,0,0,0,0,0,0,0,0,5
Yoram Zague,Copenhagen,0,0,0,0,0,0,0,0,5
Arthur Vermeeren,Marseille,0,0,0,0,0,0,0,0,5
Lorenzo Lucca,Napoli,0,0,0,0,0,0,0,0,5
Gonzalo,Real Madrid,0,0,0,0,0,0,0,0,5
Milos Kerkez,Liverpool,0,0,0,0,0,0,0,0,5
Matheus Nunes,Man City,0,0,0,0,0,0,0,0,5
Pedri,Barcelona,0,0,0,0,0,0,0,0,5
Pedro Gonçalves,Sporting CP,0,0,0,0,0,0,0,0,5
Wesley Fofana,Chelsea,0,0,0,0,0,0,0,0,5
Conor Bradley,Liverpool,0,0,0,0,0,0,0,0,5
Aurele Amenda,Frankfurt,0,0,0,0,0,0,0,0,5
Kian Fitz-Jim,Ajax,0,0,0,0,0,0,0,0,5
Wilfried Singo,Galatasaray,0,0,0,0,0,0,0,0,5
Marc Casadó,Barcelona,0,0,0,0,0,0,0,0,5
Rafa Marín,Villarreal,0,0,0,0,0,0,0,0,5
William Saliba,Arsenal,0,0,0,0,0,0,0,0,5
Fotis Ioannidis,Sporting CP,0,0,0,0,0,0,0,0,5
Joško Gvardiol,Man City,0,0,0,0,0,0,0,0,5
Nicola Zalewski,Atalanta,0,0,0,0,0,0,0,0,5
Raul Moro,Ajax,0,0,0,0,0,0,0,0,5
Joan García,Barcelona,0,0,0,0,0,0,0,0,5
Eduardo Quaresma,Sporting CP,0,0,0,0,0,0,0,0,5
Tomáš Vlček,Slavia Praha,0,0,0,0,0,0,0,0,5
Jug Stanojev,Kairat Almaty,0,0,0,0,0,0,0,0,5
Jeremie Frimpong,Liverpool,0,0,0,0,0,0,0,0,5
Rodrigo Bentancur,Tottenham,0,0,0,0,0,0,0,0,5
Murphy Dorley,Slavia Praha,0,0,0,0,0,0,0,0,5
Mathias Rasmussen,Union SG,0,0,0,0,0,0,0,0,5
Miguel Gutiérrez,Napoli,0,0,0,0,0,0,0,0,5
Nayef Aguerd,Marseille,0,0,0,0,0,0,0,0,5
Giorgi Zaria,Kairat Almaty,0,0,0,0,0,0,0,0,5
Emerson,Marseille,0,0,0,0,0,0,0,0,5
Alisson Becker,Liverpool,0,0,0,0,0,0,0,0,5
Joni Montiel,Qarabağ,0,0,0,0,0,0,0,0,5
Fran García,Real Madrid,0,0,0,0,0,0,0,0,5
Alexander Isak,Liverpool,0,0,0,0,0,0,0,0,5
Thomas Partey,Villarreal,0,0,0,0,0,0,0,0,5
Alfonso Pedraza,Villarreal,0,0,0,0,0,0,0,0,5
Ayoze Pérez,Villarreal,0,0,0,0,0,0,0,0,5
Lukas Lerager,Copenhagen,0,0,0,0,0,0,0,0,5
Rúben Dias,Man City,0,0,0,0,0,0,0,0,5
Dan Glazer,Kairat Almaty,0,0,0,0,0,0,0,0,5
Francesco Acerbi,Inter,0,0,0,0,0,0,0,0,5
Sead Kolašinac,Atalanta,0,0,0,0,0,0,0,0,5
Lucas Vázquez,Leverkusen,0,0,0,0,0,0,0,0,5
Filip Kostić,Juventus,0,0,0,0,0,0,0,0,5
Christian Nørgaard,Arsenal,0,0,0,0,0,0,0,0,5
Simon Mignolet,Club Brugge,0,0,0,0,0,0,0,0,4
Henrikh Mkhitaryan,Inter,0,0,0,0,0,0,0,0,4
Robino Vaz,Marseille,0,0,0,0,0,0,0,0,4
Gabriel Strefezza,Olympiacos,0,0,0,0,0,0,0,0,4
Esmir Bajraktarević,PSV,0,0,0,0,0,0,0,0,4
Marc Bernal,Barcelona,0,0,0,0,0,0,0,0,4
Ibrahim Mbaye,Paris,0,0,0,0,0,0,0,0,4
Daiki Hashioka,Slavia Praha,0,0,0,0,0,0,0,0,4
Ryan Flamingo,PSV,0,0,0,0,0,0,0,0,4
Villads Nielsen,Bodø/Glimt,0,0,0,0,0,0,0,0,4
Abdukodir Khusanov,Man City,0,0,0,0,0,0,0,0,4
Facundo Medina,Marseille,0,0,0,0,0,0,0,0,4
William Osula,Newcastle,0,0,0,0,0,0,0,0,4
Munashe Garananga,Copenhagen,0,0,0,0,0,0,0,0,4
Joshua Acheampong,Chelsea,0,0,0,0,0,0,0,0,4
Anders Klynge,Bodø/Glimt,0,0,0,0,0,0,0,0,4
Rayane Bounida,Ajax,0,0,0,0,0,0,0,0,4
Eliesse Ben Seghir,Leverkusen,0,0,0,0,0,0,0,0,4
Roony Bardghji,Barcelona,0,0,0,0,0,0,0,0,4
Bilal Nadir,Marseille,0,0,0,0,0,0,0,0,4
Piero Hincapié,Arsenal,0,0,0,0,0,0,0,0,4
Jorne Spileers,Club Brugge,0,0,0,0,0,0,0,0,4
Juan Foyth,Villarreal,0,0,0,0,0,0,0,0,4
Ilias Akhomach,Villarreal,0,0,0,0,0,0,0,0,4
Rico Lewis,Man City,0,0,0,0,0,0,0,0,4
Bremer,Juventus,0,0,0,0,0,0,0,0,4
Rayan Aït-Nouri,Man City,0,0,0,0,0,0,0,0,4
Alexandr Shirobokov,Kairat Almaty,0,0,0,0,0,0,0,0,4
Riccardo Calafiori,Arsenal,0,0,0,0,0,0,0,0,4
Benoît Badiashile,Chelsea,0,0,0,0,0,0,0,0,4
Kenneth Taylor,Ajax,0,0,0,0,0,0,0,0,4
Josip Stanišić,Bayern München,0,0,0,0,0,0,0,0,4
Angel Gomes,Marseille,0,0,0,0,0,0,0,0,4
Giorgi Mamardashvili,Liverpool,0,0,0,0,0,0,0,0,4
Sofiane Boufal,Union SG,0,0,0,0,0,0,0,0,4
Matvei Safonov,Paris,0,0,0,0,0,0,0,0,4
Frank Anguissa,Napoli,0,0,0,0,0,0,0,0,4
Dani Ceballos,Real Madrid,0,0,0,0,0,0,0,0,4
Birger Meling,Copenhagen,0,0,0,0,0,0,0,0,4
Martin Ødegaard,Arsenal,0,0,0,0,0,0,0,0,4
Mahmoud Dahoud,Frankfurt,0,0,0,0,0,0,0,0,4
Dodi Lukébakio,Benfica,0,0,0,0,0,0,0,0,4
Tosin Adarabioyo,Chelsea,0,0,0,0,0,0,0,0,4
John Stones,Man City,0,0,0,0,0,0,0,0,4
Lucas Hernández,Paris,0,0,0,0,0,0,0,0,4
Tomáš Holeš,Slavia Praha,0,0,0,0,0,0,0,0,4
Janis Blaswich,Leverkusen,0,0,0,0,0,0,0,0,4
Andreas  Christensen,Barcelona,0,0,0,0,0,0,0,0,4
Nathan Aké,Man City,0,0,0,0,0,0,0,0,4
Kaan Ayhan,Galatasaray,0,0,0,0,0,0,0,0,4
Geoffrey Kondogbia,Marseille,0,0,0,0,0,0,0,0,4
Thomas Delaney,Copenhagen,0,0,0,0,0,0,0,0,4
Mattia Perin,Juventus,0,0,0,0,0,0,0,0,4
Yuri Berchiche,Athletic Club,0,0,0,0,0,0,0,0,4
Aarón Anselmino,B. Dortmund,0,0,0,0,0,0,0,0,3
Stefan de Vrij,Inter,0,0,0,0,0,0,0,0,3
Selton Sánchez,Athletic Club,0,0,0,0,0,0,0,0,3
Pau Navarro,Villarreal,0,0,0,0,0,0,0,0,3
Sean Steur,Ajax,0,0,0,0,0,0,0,0,3
Asier Hierro,Athletic Club,0,0,0,0,0,0,0,0,3
Shandre Campbell,Club Brugge,0,0,0,0,0,0,0,0,3
Kauã Santos,Frankfurt,0,0,0,0,0,0,0,0,3
George Ilenikhena,Monaco,0,0,0,0,0,0,0,0,3
Facundo Buonanotte,Chelsea,0,0,0,0,0,0,0,0,3
Giorgos Vagiannidis,Sporting CP,0,0,0,0,0,0,0,0,3
Hiroki Ito,Bayern München,0,0,0,0,0,0,0,0,3
Quentin Ndjantou,Paris,0,0,0,0,0,0,0,0,3
Christian Mawissa,Monaco,0,0,0,0,0,0,0,0,3
Ethan Nwaneri,Arsenal,0,0,0,0,0,0,0,0,3
Oscar Højlund,Frankfurt,0,0,0,0,0,0,0,0,3
Jorrel Hato,Chelsea,0,0,0,0,0,0,0,0,3
Nico Williams,Athletic Club,0,0,0,0,0,0,0,0,3
James McConnell,Ajax,0,0,0,0,0,0,0,0,3
Ulrik Saltnes,Bodø/Glimt,0,0,0,0,0,0,0,0,3
Exequiel Palacios,Leverkusen,0,0,0,0,0,0,0,0,3
Zeno Debast,Sporting CP,0,0,0,0,0,0,0,0,3
Cisse Sandra,Club Brugge,0,0,0,0,0,0,0,0,3
Lynnt Audoor,Club Brugge,0,0,0,0,0,0,0,0,3
Oscar Bobb,Man City,0,0,0,0,0,0,0,0,3
Lucas Rosa,Ajax,0,0,0,0,0,0,0,0,3
Alphonso Davies,Bayern München,0,0,0,0,0,0,0,0,3
Elye Wahi,Frankfurt,0,0,0,0,0,0,0,0,3
Mathias Jørgensen,Bodø/Glimt,0,0,0,0,0,0,0,0,3
Éder Militão,Real Madrid,0,0,0,0,0,0,0,0,3
Krépin Diatta,Monaco,0,0,0,0,0,0,0,0,3
CJ Egan-Riley,Marseille,0,0,0,0,0,0,0,0,3
Tino Livramento,Newcastle,0,0,0,0,0,0,0,0,3
João Correia,Pafos,0,0,0,0,0,0,0,0,3
Billy Gilmour,Napoli,0,0,0,0,0,0,0,0,3
Arnau Tenas,Villarreal,0,0,0,0,0,0,0,0,3
Amine Gouiri,Marseille,0,0,0,0,0,0,0,0,3
Erik Prekop,Slavia Praha,0,0,0,0,0,0,0,0,3
Rodri,Man City,0,0,0,0,0,0,0,0,3
Iñaki Williams,Athletic Club,0,0,0,0,0,0,0,0,3
Iñigo Lekue,Athletic Club,0,0,0,0,0,0,0,0,3
Amir Rrahmani,Napoli,0,0,0,0,0,0,0,0,3
Joe Gomez,Liverpool,0,0,0,0,0,0,0,0,3
Fabian Schär,Newcastle,0,0,0,0,0,0,0,0,3
Pascal Gross,B. Dortmund,0,0,0,0,0,0,0,0,3
Antonio Rüdiger,Real Madrid,0,0,0,0,0,0,0,0,3
Dani Carvajal,Real Madrid,0,0,0,0,0,0,0,0,3
Ivan Schranz,Slavia Praha,0,0,0,0,0,0,0,0,3
Kevin De Bruyne,Napoli,0,0,0,0,0,0,0,0,3
Jan Bořil,Slavia Praha,0,0,0,0,0,0,0,0,3
David Alaba,Real Madrid,0,0,0,0,0,0,0,0,3
Wojciech Szczęsny,Barcelona,0,0,0,0,0,0,0,0,3
Remko Pasveer,Ajax,0,0,0,0,0,0,0,0,2
André Luiz,Olympiacos,0,0,0,0,0,0,0,0,2
Guilherme Smith,Union SG,0,0,0,0,0,0,0,0,2
Sidny Lopes Cabral,Benfica,0,0,0,0,0,0,0,0,2
Thiago Pitarch,Real Madrid,0,0,0,0,0,0,0,0,2
Salvador Blopa,Sporting CP,0,0,0,0,0,0,0,0,2
Azamat Tuyakbayev,Kairat Almaty,0,0,0,0,0,0,0,0,2
Rodrigo Huescas,Copenhagen,0,0,0,0,0,0,0,0,2
Zaid Romero,Club Brugge,0,0,0,0,0,0,0,0,2
Rio Ngumoha,Liverpool,0,0,0,0,0,0,0,0,2
Jun'Ai Byfield,Tottenham,0,0,0,0,0,0,0,0,2
Hamed Traorè,Marseille,0,0,0,0,0,0,0,0,2
Pape Cabral,Monaco,0,0,0,0,0,0,0,0,2
Dro Fernández,Paris,0,0,0,0,0,0,0,0,2
Aaron Bouwman,Ajax,0,0,0,0,0,0,0,0,2
Sherhan Kalmurza,Kairat Almaty,0,0,0,0,0,0,0,0,2
Montrell Culbreath,Leverkusen,0,0,0,0,0,0,0,0,2
Mohammed Fuseini,Union SG,0,0,0,0,0,0,0,0,2
Simon Adingra,Monaco,0,0,0,0,0,0,0,0,2
Lucas Michal,Monaco,0,0,0,0,0,0,0,0,2
João Rego,Benfica,0,0,0,0,0,0,0,0,2
Romeo Lavia,Chelsea,0,0,0,0,0,0,0,0,2
Jeanuël Belocian,Leverkusen,0,0,0,0,0,0,0,0,2
Jay Gorter,Pafos,0,0,0,0,0,0,0,0,2
Félix Lemarechal,Club Brugge,0,0,0,0,0,0,0,0,2
Berkan Kutlu,Galatasaray,0,0,0,0,0,0,0,0,2
Dane Scarlett,Tottenham,0,0,0,0,0,0,0,0,2
Diogo Nascimento,Olympiacos,0,0,0,0,0,0,0,0,2
Henrique Araújo,Benfica,0,0,0,0,0,0,0,0,2
Giorgio Scalvini,Atalanta,0,0,0,0,0,0,0,0,2
Lev Kurgin,Kairat Almaty,0,0,0,0,0,0,0,0,2
Marco Brescianini,Atalanta,0,0,0,0,0,0,0,0,2
Igoh Ogbu,Slavia Praha,0,0,0,0,0,0,0,0,2
Filip Jørgensen,Chelsea,0,0,0,0,0,0,0,0,2
Jakub Markovič,Slavia Praha,0,0,0,0,0,0,0,0,2
João Mário,Juventus,0,0,0,0,0,0,0,0,2
Aaron Ramsdale,Newcastle,0,0,0,0,0,0,0,0,2
Myron Boadu,PSV,0,0,0,0,0,0,0,0,2
Daniel Bragança,Sporting CP,0,0,0,0,0,0,0,0,2
Manor Solomon,Villarreal,0,0,0,0,0,0,0,0,2
Giorgi Kochorashvili,Sporting CP,0,0,0,0,0,0,0,0,2
Ricardo Mangas,Sporting CP,0,0,0,0,0,0,0,0,2
Nathan Tella,Leverkusen,0,0,0,0,0,0,0,0,2
Gerard Moreno,Villarreal,0,0,0,0,0,0,0,0,2
Ulisses Garcia,Marseille,0,0,0,0,0,0,0,0,2
Wout Faes,Monaco,0,0,0,0,0,0,0,0,2
Aurélio Buta,Frankfurt,0,0,0,0,0,0,0,0,2
Brede Moe,Bodø/Glimt,0,0,0,0,0,0,0,0,2
Clément Lenglet,Atleti,0,0,0,0,0,0,0,0,2
Badavi Hüseynov,Qarabağ,0,0,0,0,0,0,0,0,2
Michy Batshuayi,Frankfurt,0,0,0,0,0,0,0,0,2
Aymeric Laporte,Athletic Club,0,0,0,0,0,0,0,0,2
Daniele Rugani,Juventus,0,0,0,0,0,0,0,0,2
Lukas Hrádecký,Monaco,0,0,0,0,0,0,0,0,2
Matteo Darmian,Inter,0,0,0,0,0,0,0,0,2
Clayton,Olympiacos,0,0,0,0,0,0,0,0,1
Diatta Alassane,Villarreal,0,0,0,0,0,0,0,0,1
Sekou Keita,Union SG,0,0,0,0,0,0,0,0,1
Tadjidine Mmadi,Marseille,0,0,0,0,0,0,0,0,1
Hugo López,Villarreal,0,0,0,0,0,0,0,0,1
Daniel Budesca,Villarreal,0,0,0,0,0,0,0,0,1
Marvin Dills,Frankfurt,0,0,0,0,0,0,0,0,1
José Neto,Benfica,0,0,0,0,0,0,0,0,1
Maroan Sannadi,Athletic Club,0,0,0,0,0,0,0,0,1
Manu Silva,Benfica,0,0,0,0,0,0,0,0,1
Reggie Walsh,Chelsea,0,0,0,0,0,0,0,0,1
Mukhamedali Abish,Kairat Almaty,0,0,0,0,0,0,0,0,1
Pharrel Nash,Ajax,0,0,0,0,0,0,0,0,1
Ibon Sanchez,Athletic Club,0,0,0,0,0,0,0,0,1
Ramazan Bagdat,Kairat Almaty,0,0,0,0,0,0,0,0,1
Wisdom Mike,Bayern München,0,0,0,0,0,0,0,0,1
Amara Nallo,Liverpool,0,0,0,0,0,0,0,0,1
Trey Nyoni,Liverpool,0,0,0,0,0,0,0,0,1
Marli Salmon,Arsenal,0,0,0,0,0,0,0,0,1
Andre Annous,Arsenal,0,0,0,0,0,0,0,0,1
Jeremiah Mensah,Leverkusen,0,0,0,0,0,0,0,0,1
Max Dowman,Arsenal,0,0,0,0,0,0,0,0,1
Brando Bailey-Joseph,Arsenal,0,0,0,0,0,0,0,0,1
Endrick,Real Madrid,0,0,0,0,0,0,0,0,1
Darryl Bakola,Marseille,0,0,0,0,0,0,0,0,1
Luca Reggiani,B. Dortmund,0,0,0,0,0,0,0,0,1
Noah Fernandez,PSV,0,0,0,0,0,0,0,0,1
Ife Ibrahim,Arsenal,0,0,0,0,0,0,0,0,1
Stavros Pnevmonidis,Olympiacos,0,0,0,0,0,0,0,0,1
Sean Neave,Newcastle,0,0,0,0,0,0,0,0,1
Axel Tape,Leverkusen,0,0,0,0,0,0,0,0,1
Georgios Michael,Pafos,0,0,0,0,0,0,0,0,1
Jorge Cestero,Real Madrid,0,0,0,0,0,0,0,0,1
Javier Galán,Atleti,0,0,0,0,0,0,0,0,1
Mansur Birkurmanov,Kairat Almaty,0,0,0,0,0,0,0,0,1
Samuel Nibombe,Monaco,0,0,0,0,0,0,0,0,1
Arda Ünyay,Galatasaray,0,0,0,0,0,0,0,0,1
Leo Shahar,Newcastle,0,0,0,0,0,0,0,0,1
Kiliann Sildillia,PSV,0,0,0,0,0,0,0,0,1
Kaye Furo,Club Brugge,0,0,0,0,0,0,0,0,1
Oliver Højer,Copenhagen,0,0,0,0,0,0,0,0,1
Rodrigo Rêgo,Benfica,0,0,0,0,0,0,0,0,1
Gerald Alders,Ajax,0,0,0,0,0,0,0,0,1
Don-Angelo Konadu,Ajax,0,0,0,0,0,0,0,0,1
Daniel Meso,Real Madrid,0,0,0,0,0,0,0,0,1
Alexander Staff,Frankfurt,0,0,0,0,0,0,0,0,1
Chris Kouakou,Qarabağ,0,0,0,0,0,0,0,0,1
Rodrigo Mendoza,Atleti,0,0,0,0,0,0,0,0,1
Alex Murphy,Newcastle,0,0,0,0,0,0,0,0,1
Tiago Freitas,Benfica,0,0,0,0,0,0,0,0,1
César Palacios,Real Madrid,0,0,0,0,0,0,0,0,1
Max Alleyne,Man City,0,0,0,0,0,0,0,0,1
Filippo Mane,B. Dortmund,0,0,0,0,0,0,0,0,1
Rodrigo Ribeiro,Sporting CP,0,0,0,0,0,0,0,0,1
Stanis Idumbo,Monaco,0,0,0,0,0,0,0,0,1
Jonas Urbig,Bayern München,0,0,0,0,0,0,0,0,1
Giuseppe Ambrosino,Napoli,0,0,0,0,0,0,0,0,1
Daniel Maldini,Atalanta,0,0,0,0,0,0,0,0,1
Mathys Tel,Tottenham,0,0,0,0,0,0,0,0,1
Magnus Riisnæs,Bodø/Glimt,0,0,0,0,0,0,0,0,1
Juan Musso,Atleti,0,0,0,0,0,0,0,0,1
Tristan van den Heuvel,Club Brugge,0,0,0,0,0,0,0,0,1
Jessic Ngankam,Frankfurt,0,0,0,0,0,0,0,0,1
Carlos Martín,Atleti,0,0,0,0,0,0,0,0,1
Ahmed Kutucu,Galatasaray,0,0,0,0,0,0,0,0,1
James Trafford,Man City,0,0,0,0,0,0,0,0,1
Ferland Mendy,Real Madrid,0,0,0,0,0,0,0,0,1
Martin Terrier,Leverkusen,0,0,0,0,0,0,0,0,1
Wataru Endo,Liverpool,0,0,0,0,0,0,0,0,1
Gustaf Nilsson,Club Brugge,0,0,0,0,0,0,0,0,1
Andriy Lunin,Real Madrid,0,0,0,0,0,0,0,0,1
João Virginia,Sporting CP,0,0,0,0,0,0,0,0,1
Marco Sportiello,Atalanta,0,0,0,0,0,0,0,0,1
Samy Mmaee,Qarabağ,0,0,0,0,0,0,0,0,1
Günay Güvenç,Galatasaray,0,0,0,0,0,0,0,0,1
Jeremie Boga,Juventus,0,0,0,0,0,0,0,0,1
Alex Meret,Napoli,0,0,0,0,0,0,0,0,1
Jonas Hofmann,Leverkusen,0,0,0,0,0,0,0,0,1
Roman Yaremchuk,Olympiacos,0,0,0,0,0,0,0,0,1
Niklas Süle,B. Dortmund,0,0,0,0,0,0,0,0,1
Kepa Arrizabalaga,Arsenal,0,0,0,0,0,0,0,0,1
Alexandros Paschalakis,Olympiacos,0,0,0,0,0,0,0,0,1
Mateo Kovačić,Man City,0,0,0,0,0,0,0,0,1
Steven Berghuis,Ajax,0,0,0,0,0,0,0,0,1
Ben Davies,Tottenham,0,0,0,0,0,0,0,0,1
Romelu Lukaku,Napoli,0,0,0,0,0,0,0,0,1
John Ruddy,Newcastle,0,0,0,0,0,0,0,0,0
Obed Vargas,Atleti,0,0,0,0,0,0,0,0,0
Ange Lago,Marseille,0,0,0,0,0,0,0,0,0
Tynan Thompson,Tottenham,0,0,0,0,0,0,0,0,0
Tye Hall,Tottenham,0,0,0,0,0,0,0,0,0
Adedamola Alabi,Newcastle,0,0,0,0,0,0,0,0,0
David Spinelli,Napoli,0,0,0,0,0,0,0,0,0
Hindrin Najah Chooly,Bodø/Glimt,0,0,0,0,0,0,0,0,0
Rayan Ouro Bang Na,Marseille,0,0,0,0,0,0,0,0,0
Eyüp Karasu,Galatasaray,0,0,0,0,0,0,0,0,0
Anis Doubal,Marseille,0,0,0,0,0,0,0,0,0
Abdellah Ouazane,Ajax,0,0,0,0,0,0,0,0,0
Ander Izaguirre,Athletic Club,0,0,0,0,0,0,0,0,0
Adrián Pérez,Athletic Club,0,0,0,0,0,0,0,0,0
Jon de Luis,Athletic Club,0,0,0,0,0,0,0,0,0
Youssef Hamoutahar,Union SG,0,0,0,0,0,0,0,0,0
Mathias Ferrante,Napoli,0,0,0,0,0,0,0,0,0
Yusuf Kahraman,Galatasaray,0,0,0,0,0,0,0,0,0
Ryan Kavuma-McQueen,Chelsea,0,0,0,0,0,0,0,0,0
Çağrı Balta,Galatasaray,0,0,0,0,0,0,0,0,0
Mikkel Bro Hansen,Bodø/Glimt,0,0,0,0,0,0,0,0,0
Bruno Ramos,Sporting CP,0,0,0,0,0,0,0,0,0
Vince Osuji,Club Brugge,0,0,0,0,0,0,0,0,0
Cassiano Kiala,Bayern München,0,0,0,0,0,0,0,0,0
Luca Williams-Barnett,Tottenham,0,0,0,0,0,0,0,0,0
Landon Emenalo,Chelsea,0,0,0,0,0,0,0,0,0
Danila Buch,Kairat Almaty,0,0,0,0,0,0,0,0,0
Bakhtiyar Aldashev,Kairat Almaty,0,0,0,0,0,0,0,0,0
Giovanni Leoni,Liverpool,0,0,0,0,0,0,0,0,0
Mikel Santos,Athletic Club,0,0,0,0,0,0,0,0,0
Flávio Gonçalves,Sporting CP,0,0,0,0,0,0,0,0,0
Ilane Toure,Monaco,0,0,0,0,0,0,0,0,0
Yanis Benchaouch,Monaco,0,0,0,0,0,0,0,0,0
Tyrone Samba,Man City,0,0,0,0,0,0,0,0,0
Kornel Misciur,Liverpool,0,0,0,0,0,0,0,0,0
Niccolò Rizzo,Juventus,0,0,0,0,0,0,0,0,0
Amirbek Bazarbayev,Kairat Almaty,0,0,0,0,0,0,0,0,0
Dias Reimov,Kairat Almaty,0,0,0,0,0,0,0,0,0
Javier Gil,Juventus,0,0,0,0,0,0,0,0,0
Victor Valdepeñas,Real Madrid,0,0,0,0,0,0,0,0,0
Javier Navarro,Real Madrid,0,0,0,0,0,0,0,0,0
Felipe Chavez,Bayern München,0,0,0,0,0,0,0,0,0
Henry Camara,Atalanta,0,0,0,0,0,0,0,0,0
Samuele Inacio,B. Dortmund,0,0,0,0,0,0,0,0,0
Furkan Koçak,Galatasaray,0,0,0,0,0,0,0,0,0
Tim Oermann,Leverkusen,0,0,0,0,0,0,0,0,0
Rayan Lucas,Sporting CP,0,0,0,0,0,0,0,0,0
Daniel Banjaqui,Benfica,0,0,0,0,0,0,0,0,0
Anísio Cabral,Benfica,0,0,0,0,0,0,0,0,0
Ben Hawighorst,Leverkusen,0,0,0,0,0,0,0,0,0
Mamadou Thierno Barry,Union SG,0,0,0,0,0,0,0,0,0
Vincenzo Prisco,Napoli,0,0,0,0,0,0,0,0,0
Malachi Hardy,Tottenham,0,0,0,0,0,0,0,0,0
Martin Kovář,Slavia Praha,0,0,0,0,0,0,0,0,0
Dominic Vavassori,Atalanta,0,0,0,0,0,0,0,0,0
Eus Waaijers,PSV,0,0,0,0,0,0,0,0,0
Matteo Lavelli,Inter,0,0,0,0,0,0,0,0,0
Lucas Beraldo,Paris,0,0,0,0,0,0,0,0,0
Diego Aguado,Real Madrid,0,0,0,0,0,0,0,0,0
David Daiber,Bayern München,0,0,0,0,0,0,0,0,0
Šimon Slončík,Slavia Praha,0,0,0,0,0,0,0,0,0
Jules Stawiecki,Monaco,0,0,0,0,0,0,0,0,0
Renato Marin,Paris,0,0,0,0,0,0,0,0,0
Mauro Couto,Sporting CP,0,0,0,0,0,0,0,0,0
Tomas Marques,Barcelona,0,0,0,0,0,0,0,0,0
Toni Fernandez,Barcelona,0,0,0,0,0,0,0,0,0
Pedro Henrique Fontoura Caldierado,Pafos,0,0,0,0,0,0,0,0,0
Joan Martínez,Real Madrid,0,0,0,0,0,0,0,0,0
Dominik Sarapata,Copenhagen,0,0,0,0,0,0,0,0,0
David Moreira,Sporting CP,0,0,0,0,0,0,0,0,0
Jack Porter,Arsenal,0,0,0,0,0,0,0,0,0
Argyrios Liatsikouras,Olympiacos,0,0,0,0,0,0,0,0,0
Eder Aller,Barcelona,0,0,0,0,0,0,0,0,0
Xavi Espart,Barcelona,0,0,0,0,0,0,0,0,0
Georgios Kouraklis,Olympiacos,0,0,0,0,0,0,0,0,0
Adam Harrison,Newcastle,0,0,0,0,0,0,0,0,0
Aidan Harris,Newcastle,0,0,0,0,0,0,0,0,0
Alexandros Exarchos,Olympiacos,0,0,0,0,0,0,0,0,0
Martin James,Paris,0,0,0,0,0,0,0,0,0
Noah Nsoki,Paris,0,0,0,0,0,0,0,0,0
Mathis Jangeal,Paris,0,0,0,0,0,0,0,0,0
Emmanuele De Chiara,Napoli,0,0,0,0,0,0,0,0,0
Joshua Wynder,Benfica,0,0,0,0,0,0,0,0,0
Elias Benkara,B. Dortmund,0,0,0,0,0,0,0,0,0
Petros Petrou,Pafos,0,0,0,0,0,0,0,0,0
Samuel Van Hoogen,Club Brugge,0,0,0,0,0,0,0,0,0
Nicolas Verkooijen,PSV,0,0,0,0,0,0,0,0,0
Alain Taho,Inter,0,0,0,0,0,0,0,0,0
Louie Copley,Arsenal,0,0,0,0,0,0,0,0,0
Alexei Rojas,Arsenal,0,0,0,0,0,0,0,0,0
Joshua Nichols,Arsenal,0,0,0,0,0,0,0,0,0
Iker Luque,Atleti,0,0,0,0,0,0,0,0,0
Taufyk Zanzi,Atleti,0,0,0,0,0,0,0,0,0
Adamo Nagalo,PSV,0,0,0,0,0,0,0,0,0
Tijn Smolenaars,PSV,0,0,0,0,0,0,0,0,0
Max Thompson,Newcastle,0,0,0,0,0,0,0,0,0
August Mikkelsen,Bodø/Glimt,0,0,0,0,0,0,0,0,0
Yáser Asprilla,Galatasaray,0,0,0,0,0,0,0,0,0
Robin van Duiven,PSV,0,0,0,0,0,0,0,0,0
Christian Garofalo,Napoli,0,0,0,0,0,0,0,0,0
Liam West,Copenhagen,0,0,0,0,0,0,0,0,0
Hikmat Jabrayilzade,Qarabağ,0,0,0,0,0,0,0,0,0
Ege Araç,Galatasaray,0,0,0,0,0,0,0,0,0
Jofre Torrents,Barcelona,0,0,0,0,0,0,0,0,0
Juan Hernández,Barcelona,0,0,0,0,0,0,0,0,0
Divine Mukasa,Man City,0,0,0,0,0,0,0,0,0
Stephen Mfuni,Man City,0,0,0,0,0,0,0,0,0
Marek Naskos,Slavia Praha,0,0,0,0,0,0,0,0,0
Jakub Kolísek,Slavia Praha,0,0,0,0,0,0,0,0,0
Jonathan Moalem,Copenhagen,0,0,0,0,0,0,0,0,0
Graham Ankamafio,Copenhagen,0,0,0,0,0,0,0,0,0
Isak Sjong,Bodø/Glimt,0,0,0,0,0,0,0,0,0
Mylo van de Lans,Ajax,0,0,0,0,0,0,0,0,0
Joel van den Berg,PSV,0,0,0,0,0,0,0,0,0
Leon Klanac,Bayern München,0,0,0,0,0,0,0,0,0
Eduardo Felicíssimo,Sporting CP,0,0,0,0,0,0,0,0,0
Matteo Fuscaldo,Juventus,0,0,0,0,0,0,0,0,0
Gonçalo Oliveira,Benfica,0,0,0,0,0,0,0,0,0
Samuel Pikolon,Slavia Praha,0,0,0,0,0,0,0,0,0
Matteo Cocchi,Inter,0,0,0,0,0,0,0,0,0
Kieran Morrison,Liverpool,0,0,0,0,0,0,0,0,0
Charles Sagoe Jr,Arsenal,0,0,0,0,0,0,0,0,0
Kian Noble,Man City,0,0,0,0,0,0,0,0,0
Charlie Gray,Man City,0,0,0,0,0,0,0,0,0
Argus Vanden Driessche,Club Brugge,0,0,0,0,0,0,0,0,0
Oscar Buur,Copenhagen,0,0,0,0,0,0,0,0,0
Elijah Gift,Athletic Club,0,0,0,0,0,0,0,0,0
Mathis Clement,Marseille,0,0,0,0,0,0,0,0,0
Rafael Nel,Sporting CP,0,0,0,0,0,0,0,0,0
Diogo Ferreira,Benfica,0,0,0,0,0,0,0,0,0
Leandro Santos,Benfica,0,0,0,0,0,0,0,0,0
Luca Gunter,Tottenham,0,0,0,0,0,0,0,0,0
Yusuf Akhamrich,Tottenham,0,0,0,0,0,0,0,0,0
James Rowswell,Tottenham,0,0,0,0,0,0,0,0,0
Callum Olusesi,Tottenham,0,0,0,0,0,0,0,0,0
Daniel Moreno,Atleti,0,0,0,0,0,0,0,0,0
Max Merrick,Chelsea,0,0,0,0,0,0,0,0,0
Paul Reverson,Ajax,0,0,0,0,0,0,0,0,0
Fran González,Real Madrid,0,0,0,0,0,0,0,0,0
Daniel Toula,Slavia Praha,0,0,0,0,0,0,0,0,0
Tomáš Jelínek,Slavia Praha,0,0,0,0,0,0,0,0,0
Adam Rezek,Slavia Praha,0,0,0,0,0,0,0,0,0
Ferdinand Pohl,Leverkusen,0,0,0,0,0,0,0,0,0
Ken Izekor,Leverkusen,0,0,0,0,0,0,0,0,0
Naba Mensah,Leverkusen,0,0,0,0,0,0,0,0,0
Jesper Schlich,Leverkusen,0,0,0,0,0,0,0,0,0
Elias Baum,Frankfurt,0,0,0,0,0,0,0,0,0
Fousseny Doumbia,Frankfurt,0,0,0,0,0,0,0,0,0
Leonardo Bovo,Inter,0,0,0,0,0,0,0,0,0
Axl De Corte,Club Brugge,0,0,0,0,0,0,0,0,0
Nathan Huygevelde,Union SG,0,0,0,0,0,0,0,0,0
Soulaimane Berradi,Union SG,0,0,0,0,0,0,0,0,0
Alexander Meyer,B. Dortmund,0,0,0,0,0,0,0,0,0
Dani Rodríguez,Barcelona,0,0,0,0,0,0,0,0,0
Pol Fortuny,Real Madrid,0,0,0,0,0,0,0,0,0
Julien Duranville,B. Dortmund,0,0,0,0,0,0,0,0,0
Relja Obrić,Atalanta,0,0,0,0,0,0,0,0,0
Vincent Manuba,Bayern München,0,0,0,0,0,0,0,0,0
Almugera Kabar,B. Dortmund,0,0,0,0,0,0,0,0,0
Eliáš Piták,Slavia Praha,0,0,0,0,0,0,0,0,0
Joeri Heerkens,Ajax,0,0,0,0,0,0,0,0,0
Francisco Silva,Sporting CP,0,0,0,0,0,0,0,0,0
Diego Kochen,Barcelona,0,0,0,0,0,0,0,0,0
Ivan Lima,Benfica,0,0,0,0,0,0,0,0,0
Alex Padilla,Athletic Club,0,0,0,0,0,0,0,0,0
Christos Alexiou,Inter,0,0,0,0,0,0,0,0,0
Rio Kyerematen,Tottenham,0,0,0,0,0,0,0,0,0
Wellity Lucky,Liverpool,0,0,0,0,0,0,0,0,0
Jayden Danns,Liverpool,0,0,0,0,0,0,0,0,0
Ted Curd,Chelsea,0,0,0,0,0,0,0,0,0
João Veloso,Benfica,0,0,0,0,0,0,0,0,0
Lucas Anjos,Sporting CP,0,0,0,0,0,0,0,0,0
Tommy Setford,Arsenal,0,0,0,0,0,0,0,0,0
Salvador Esquivel,Atleti,0,0,0,0,0,0,0,0,0
Julio Díaz,Atleti,0,0,0,0,0,0,0,0,0
Rayane Belid,Atleti,0,0,0,0,0,0,0,0,0
David Jiménez,Real Madrid,0,0,0,0,0,0,0,0,0
Danylo Krevsun,B. Dortmund,0,0,0,0,0,0,0,0,0
Yann Lienard,Monaco,0,0,0,0,0,0,0,0,0
Diego Callai,Sporting CP,0,0,0,0,0,0,0,0,0
Cole Campbell,B. Dortmund,0,0,0,0,0,0,0,0,0
,,0,0,0,0,0,0,0,0,0
Magnus Brøndbo,Bodø/Glimt,0,0,0,0,0,0,0,0,0
Alessandro Calligaris,Inter,0,0,0,0,0,0,0,0,0
Nikolaos Botis,Olympiacos,0,0,0,0,0,0,0,0,0
Jonas Rouhi,Juventus,0,0,0,0,0,0,0,0,0
Javier Boñar,Atleti,0,0,0,0,0,0,0,0,0
Jelle Van Neck,Marseille,0,0,0,0,0,0,0,0,0
Alexios Kalogeropoulos,Olympiacos,0,0,0,0,0,0,0,0,0
Silas Ostrzinski,B. Dortmund,0,0,0,0,0,0,0,0,0
Niek Schiks,PSV,0,0,0,0,0,0,0,0,0
Alexander Bah,Benfica,0,0,0,0,0,0,0,0,0
Mario De Luis,Atleti,0,0,0,0,0,0,0,0,0
Rafel Obrador,Benfica,0,0,0,0,0,0,0,0,0
Manuel Ángel,Real Madrid,0,0,0,0,0,0,0,0,0
Simone Scaglia,Juventus,0,0,0,0,0,0,0,0,0
Diogo Prioste,Benfica,0,0,0,0,0,0,0,0,0
Amin Ramazanov,Qarabağ,0,0,0,0,0,0,0,0,0
,,0,0,0,0,0,0,0,0,0
Antonín Kinský,Tottenham,0,0,0,0,0,0,0,0,0
Vic Chambaere,Union SG,0,0,0,0,0,0,0,0,0
Athanasios Papadoudis,Pafos,0,0,0,0,0,0,0,0,0
Yusuf Demir,Galatasaray,0,0,0,0,0,0,0,0,0
Ludovit Reis,Club Brugge,0,0,0,0,0,0,0,0,0
Adrià Altimira,Villarreal,0,0,0,0,0,0,0,0,0
Metehan Baltacı,Galatasaray,0,0,0,0,0,0,0,0,0
Samuel Soares,Benfica,0,0,0,0,0,0,0,0,0
Brandon Austin,Tottenham,0,0,0,0,0,0,0,0,0
Mitchel Bakker,Atalanta,0,0,0,0,0,0,0,0,0
Josep Martínez,Inter,0,0,0,0,0,0,0,0,0
Fabijan Buntić,Qarabağ,0,0,0,0,0,0,0,0,0
Batuhan Şen,Galatasaray,0,0,0,0,0,0,0,0,0
Julian Faye Lund,Bodø/Glimt,0,0,0,0,0,0,0,0,0
Salih Özcan,B. Dortmund,0,0,0,0,0,0,0,0,0
Jeffrey de Lange,Marseille,0,0,0,0,0,0,0,0,0
Diego Conde,Villarreal,0,0,0,0,0,0,0,0,0
Jonas Omlin,Leverkusen,0,0,0,0,0,0,0,0,0
Alexandr Zarutskiy,Kairat Almaty,0,0,0,0,0,0,0,0,0
Abbas Hüseynov,Qarabağ,0,0,0,0,0,0,0,0,0
Shakhrudin Magomedaliyev,Qarabağ,0,0,0,0,0,0,0,0,0
Nikita Contini,Napoli,0,0,0,0,0,0,0,0,0
Freddie Woodman,Liverpool,0,0,0,0,0,0,0,0,0
Emil Krafth,Newcastle,0,0,0,0,0,0,0,0,0
Nick Olij,PSV,0,0,0,0,0,0,0,0,0
Branco van den Boomen,Ajax,0,0,0,0,0,0,0,0,0
Rúnar Rúnarsson,Copenhagen,0,0,0,0,0,0,0,0,0
Niklas Lomb,Leverkusen,0,0,0,0,0,0,0,0,0
Timothy Chandler,Frankfurt,0,0,0,0,0,0,0,0,0
Raffaele Di Gennaro,Inter,0,0,0,0,0,0,0,0,0
Paul Pogba,Monaco,0,0,0,0,0,0,0,0,0
Francesco Rossi,Atalanta,0,0,0,0,0,0,0,0,0
Bruma,Benfica,0,0,0,0,0,0,0,0,0
Marcus Bettinelli,Man City,0,0,0,0,0,0,0,0,0
Marc-André ter Stegen,Barcelona,0,0,0,0,0,0,0,0,0
Carlo Pinsoglio,Juventus,0,0,0,0,0,0,0,0,0
Jens Grahl,Frankfurt,0,0,0,0,0,0,0,0,0
Sven Ulreich,Bayern München,0,0,0,0,0,0,0,0,0
,,0,0,0,0,0,0,0,0,0
,,0,0,0,0,0,0,0,0,0
