player_name,team,position,nation,pass_accuracy,passes_attempted,passes_completed,cross_accuracy,crosses_attempted,crosses_completed,free_kicks
Dani Carvajal,Real Madrid,FULL_BACK,ESP,100.0,48.0,48.0,50.0,2.0,1.0,4.0
Mateo Kovačić,Man City,ATTACKING_MIDFIELDER,CRO,100.0,36.0,36.0,0.0,0.0,0.0,0.0
Filip Pavic,Bayern München,DEFENDER,GER,100.0,33.0,33.0,0.0,0.0,0.0,0.0
Manuel Ángel,Real Madrid,UNKNOWN,ESP,100.0,20.0,20.0,0.0,0.0,0.0,0.0
Samy Mmaee,Qarabağ,CENTRE_BACK,MAR,100.0,19.0,19.0,0.0,0.0,0.0,0.0
Xavi Espart,Barcelona,MIDFIELDER,ESP,100.0,14.0,14.0,100.0,1.0,1.0,0.0
Amara Nallo,Liverpool,DEFENDER,ENG,100.0,13.0,13.0,0.0,0.0,0.0,0.0
Günay Güvenç,Galatasaray,UNKNOWN,TUR,100.0,12.0,12.0,0.0,0.0,0.0,4.0
Ben Davies,Tottenham,FULL_BACK,WAL,100.0,8.0,8.0,0.0,2.0,0.0,0.0
Zaid Romero,Club Brugge,UNKNOWN,ARG,100.0,6.0,6.0,0.0,0.0,0.0,0.0
Callum Olusesi,Tottenham,MIDFIELDER,ENG,100.0,5.0,5.0,0.0,0.0,0.0,0.0
Dane Scarlett,Tottenham,STRIKER,ENG,100.0,4.0,4.0,0.0,0.0,0.0,0.0
Jorge Cestero,Real Madrid,UNKNOWN,ESP,100.0,4.0,4.0,0.0,0.0,0.0,0.0
Wisdom Mike,Bayern München,FORWARD,GER,100.0,4.0,4.0,0.0,0.0,0.0,0.0
Jeremiah Mensah,Leverkusen,UNKNOWN,GER,100.0,4.0,4.0,0.0,0.0,0.0,0.0
Daniel Meso,Real Madrid,MIDFIELDER,ESP,100.0,4.0,4.0,0.0,0.0,0.0,0.0
Marc Guiu,Chelsea,UNKNOWN,ESP,100.0,3.0,3.0,0.0,0.0,0.0,0.0
Mansur Birkurmanov,Kairat Almaty,FORWARD,KAZ,100.0,3.0,3.0,0.0,0.0,0.0,0.0
Andre Annous,Arsenal,UNKNOWN,ENG,100.0,3.0,3.0,0.0,0.0,0.0,0.0
Brando Bailey-Joseph,Arsenal,MIDFIELDER,ENG,100.0,2.0,2.0,0.0,0.0,0.0,0.0
Pharrel Nash,Ajax,FORWARD,NED,100.0,2.0,2.0,0.0,0.0,0.0,0.0
Georgios Michael,Pafos,UNKNOWN,CYP,100.0,2.0,2.0,0.0,0.0,0.0,0.0
Ramazan Bagdat,Kairat Almaty,UNKNOWN,KAZ,100.0,1.0,1.0,0.0,0.0,0.0,0.0
Sekou Keita,Union SG,FORWARD,BEL,100.0,1.0,1.0,0.0,0.0,0.0,0.0
Marli Salmon,Arsenal,DEFENDER,ENG,100.0,1.0,1.0,0.0,0.0,0.0,0.0
Gustaf Nilsson,Club Brugge,UNKNOWN,SWE,100.0,1.0,1.0,0.0,0.0,0.0,0.0
Rodrigo Ribeiro,Sporting CP,UNKNOWN,POR,100.0,1.0,1.0,0.0,0.0,0.0,0.0
Clayton,Olympiacos,UNKNOWN,BRA,100.0,1.0,1.0,0.0,0.0,0.0,0.0
Christian Mawissa,Monaco,UNKNOWN,FRA,98.67,68.0,66.0,0.0,2.0,0.0,1.0
Marc Guéhi,Man City,UNKNOWN,ENG,98.0,96.0,93.0,0.0,0.0,0.0,3.0
Wataru Endo,Liverpool,UNKNOWN,JPN,98.0,41.0,40.0,0.0,2.0,0.0,0.0
Andy Diouf,Inter,UNKNOWN,FRA,98.0,23.0,22.0,0.0,2.0,0.0,0.0
Trey Nyoni,Liverpool,UNKNOWN,ENG,97.5,25.0,24.0,0.0,1.0,0.0,0.0
Romeo Lavia,Chelsea,UNKNOWN,BEL,97.0,71.0,68.0,0.0,0.0,0.0,1.0
John Stones,Man City,CENTRE_BACK,ENG,96.75,277.0,267.0,0.0,1.0,0.0,8.0
Brede Moe,Bodø/Glimt,UNKNOWN,NOR,96.5,63.0,61.0,0.0,0.0,0.0,0.0
Nico González,Man City,UNKNOWN,ESP,96.38,384.0,367.0,0.0,0.0,0.0,7.0
Jonathan Tah,Bayern München,CENTRE_BACK,GER,96.3,604.0,583.0,0.0,1.0,0.0,3.0
Aaron Bouwman,Ajax,DEFENDER,NED,96.0,148.0,142.0,0.0,0.0,0.0,1.0
Joshua Acheampong,Chelsea,UNKNOWN,ENG,96.0,130.0,121.0,0.0,0.0,0.0,0.0
CJ Egan-Riley,Marseille,UNKNOWN,ENG,96.0,94.0,89.0,0.0,0.0,0.0,4.0
Mamadou Sarr,Chelsea,UNKNOWN,FRA,96.0,25.0,24.0,0.0,0.0,0.0,1.0
Manor Solomon,Villarreal,WINGER,ISR,96.0,16.0,15.0,14.29,7.0,1.0,2.0
Francesco Acerbi,Inter,CENTRE_BACK,ITA,95.8,309.0,295.0,0.0,1.0,0.0,4.0
Aleksandar Pavlović,Bayern München,UNKNOWN,GER,95.7,846.0,813.0,16.67,6.0,1.0,2.0
Rayan Aït-Nouri,Man City,UNKNOWN,ALG,95.67,242.0,227.0,57.15,7.0,4.0,5.0
Honest Ahanor,Atalanta,UNKNOWN,ITA,95.56,216.0,203.0,0.0,0.0,0.0,6.0
Ferland Mendy,Real Madrid,FULL_BACK,FRA,95.5,70.0,67.0,0.0,0.0,0.0,0.0
Alphonso Davies,Bayern München,FULL_BACK,CAN,95.5,58.0,55.0,0.0,1.0,0.0,0.0
Esmir Bajraktarević,PSV,FORWARD,BIH,95.5,36.0,34.0,33.34,3.0,1.0,0.0
Eduardo Quaresma,Sporting CP,CENTRE_BACK,POR,95.17,283.0,268.0,0.0,0.0,0.0,3.0
Jobe Bellingham,B. Dortmund,UNKNOWN,ENG,95.0,340.0,320.0,0.0,1.0,0.0,6.0
Benoît Badiashile,Chelsea,UNKNOWN,FRA,95.0,286.0,270.0,0.0,0.0,0.0,3.0
Max Alleyne,Man City,UNKNOWN,ENG,95.0,116.0,110.0,0.0,0.0,0.0,1.0
Dro Fernández,Paris,UNKNOWN,ESP,95.0,30.0,28.0,0.0,1.0,0.0,0.0
Alexandros Paschalakis,Olympiacos,GOALKEEPER,GRE,95.0,22.0,21.0,0.0,0.0,0.0,1.0
Reggie Walsh,Chelsea,MIDFIELDER,ENG,95.0,19.0,18.0,0.0,1.0,0.0,0.0
Senny Mayulu,Paris,UNKNOWN,FRA,94.89,157.0,148.0,11.12,9.0,1.0,0.0
Hakan Çalhanoğlu,Inter,ATTACKING_MIDFIELDER,TUR,94.84,309.0,286.0,57.15,14.0,8.0,19.0
Arthur Vermeeren,Marseille,UNKNOWN,BEL,94.8,276.0,260.0,0.0,1.0,0.0,4.0
Serge Gnabry,Bayern München,WINGER,GER,94.78,197.0,183.0,0.0,2.0,0.0,2.0
Amir Rrahmani,Napoli,CENTRE_BACK,KOS,94.67,247.0,233.0,0.0,0.0,0.0,4.0
Vitinha,Paris,UNKNOWN,POR,94.59,1253.0,1189.0,42.86,7.0,3.0,58.0
Enzo Barrenechea,Benfica,UNKNOWN,ARG,94.56,392.0,366.0,0.0,0.0,0.0,14.0
Abdukodir Khusanov,Man City,UNKNOWN,UZB,94.5,438.0,416.0,0.0,3.0,0.0,5.0
Trevoh Chalobah,Chelsea,UNKNOWN,ENG,94.5,377.0,354.0,0.0,0.0,0.0,7.0
Stanislav Lobotka,Napoli,DEFENSIVE_MIDFIELDER,SVK,94.5,375.0,358.0,0.0,2.0,0.0,6.0
Jorrel Hato,Chelsea,UNKNOWN,NED,94.5,232.0,219.0,0.0,1.0,0.0,3.0
Mathías Olivera,Napoli,FULL_BACK,URU,94.5,152.0,138.0,0.0,3.0,0.0,3.0
Giorgos Vagiannidis,Sporting CP,UNKNOWN,GRE,94.5,89.0,80.0,0.0,1.0,0.0,5.0
Angel Gomes,Marseille,CENTRAL_MIDFIELDER,ENG,94.5,52.0,48.0,33.34,3.0,1.0,3.0
Tosin Adarabioyo,Chelsea,UNKNOWN,ENG,94.4,203.0,192.0,0.0,0.0,0.0,7.0
Youri Regeer,Ajax,CENTRAL_MIDFIELDER,NED,94.38,307.0,287.0,20.0,5.0,1.0,7.0
Willian Pacho,Paris,UNKNOWN,ECU,94.34,805.0,760.0,0.0,0.0,0.0,4.0
Éder Militão,Real Madrid,FULL_BACK,BRA,94.34,135.0,127.0,0.0,0.0,0.0,8.0
Cisse Sandra,Club Brugge,UNKNOWN,BEL,94.34,66.0,58.0,0.0,0.0,0.0,0.0
Ethan Nwaneri,Arsenal,UNKNOWN,ENG,94.34,38.0,35.0,0.0,2.0,0.0,0.0
Rio Ngumoha,Liverpool,FORWARD,ENG,94.34,26.0,24.0,0.0,1.0,0.0,0.0
Exequiel Palacios,Leverkusen,CENTRAL_MIDFIELDER,ARG,94.2,287.0,269.0,0.0,2.0,0.0,1.0
Ansu Fati,Monaco,UNKNOWN,ESP,94.2,80.0,74.0,100.0,2.0,2.0,0.0
Marquinhos,Paris,CENTRE_BACK,BRA,94.0,666.0,628.0,0.0,0.0,0.0,11.0
Rúben Dias,Man City,CENTRE_BACK,POR,94.0,470.0,444.0,0.0,2.0,0.0,6.0
Kepa Arrizabalaga,Arsenal,GOALKEEPER,ESP,94.0,18.0,17.0,0.0,0.0,0.0,1.0
Hugo López,Villarreal,MIDFIELDER,ESP,94.0,16.0,15.0,0.0,1.0,0.0,0.0
Raphaël Guerreiro,Bayern München,FULL_BACK,POR,93.72,269.0,246.0,25.0,4.0,1.0,0.0
Pau Cubarsí,Barcelona,UNKNOWN,ESP,93.67,608.0,568.0,0.0,0.0,0.0,12.0
Raphael Onyedika,Club Brugge,UNKNOWN,NGA,93.67,294.0,273.0,0.0,1.0,0.0,4.0
Moises Caicedo,Chelsea,UNKNOWN,ECU,93.6,616.0,578.0,0.0,3.0,0.0,19.0
Rodri,Man City,DEFENSIVE_MIDFIELDER,ESP,93.6,414.0,387.0,33.34,3.0,1.0,4.0
Joško Gvardiol,Man City,CENTRE_BACK,CRO,93.6,365.0,342.0,0.0,2.0,0.0,6.0
Wesley Fofana,Chelsea,CENTRE_BACK,FRA,93.5,356.0,332.0,0.0,0.0,0.0,8.0
Andrey Santos,Chelsea,UNKNOWN,BRA,93.5,233.0,217.0,0.0,1.0,0.0,7.0
Zeno Debast,Sporting CP,UNKNOWN,BEL,93.5,139.0,128.0,0.0,0.0,0.0,2.0
Billy Gilmour,Napoli,MIDFIELDER,SCO,93.34,69.0,62.0,0.0,0.0,0.0,4.0
Rayane Bounida,Ajax,MIDFIELDER,BEL,93.25,75.0,67.0,18.19,11.0,2.0,2.0
Odilon Kossounou,Atalanta,CENTRE_BACK,CIV,93.2,503.0,474.0,0.0,3.0,0.0,6.0
Alejandro Balde,Barcelona,UNKNOWN,ESP,93.15,301.0,278.0,40.0,5.0,2.0,4.0
Conor Gallagher,Tottenham,UNKNOWN,ENG,93.13,176.0,163.0,0.0,3.0,0.0,1.0
Manuel Akanji,Inter,UNKNOWN,SUI,93.0,516.0,479.0,25.0,4.0,1.0,14.0
Marcel Sabitzer,B. Dortmund,ATTACKING_MIDFIELDER,AUT,93.0,180.0,163.0,20.0,5.0,1.0,4.0
Riccardo Calafiori,Arsenal,FULL_BACK,ITA,93.0,91.0,82.0,33.34,3.0,1.0,3.0
Jeanuël Belocian,Leverkusen,UNKNOWN,FRA,93.0,59.0,53.0,0.0,0.0,0.0,0.0
Aurélien Tchouaméni,Real Madrid,CENTRAL_MIDFIELDER,FRA,92.92,662.0,614.0,50.0,2.0,1.0,21.0
Odin Bjørtuft,Bodø/Glimt,UNKNOWN,NOR,92.92,657.0,614.0,0.0,1.0,0.0,12.0
Joel Ordoñez,Club Brugge,UNKNOWN,ECU,92.9,541.0,509.0,0.0,0.0,0.0,9.0
Owen Wijndal,Ajax,UNKNOWN,NED,92.84,240.0,225.0,20.0,15.0,3.0,2.0
Facundo Medina,Marseille,UNKNOWN,ARG,92.75,244.0,230.0,0.0,1.0,0.0,5.0
Hiroki Ito,Bayern München,UNKNOWN,JPN,92.75,83.0,75.0,0.0,0.0,0.0,0.0
Ibrahim Mbaye,Paris,UNKNOWN,SEN,92.75,43.0,39.0,50.0,2.0,1.0,0.0
Yann Bisseck,Inter,UNKNOWN,GER,92.72,406.0,380.0,50.0,2.0,1.0,11.0
João Neves,Paris,UNKNOWN,POR,92.67,464.0,435.0,0.0,0.0,0.0,16.0
Wout Faes,Monaco,CENTRE_BACK,BEL,92.5,27.0,25.0,0.0,0.0,0.0,0.0
Frenkie de Jong,Barcelona,CENTRAL_MIDFIELDER,NED,92.43,407.0,383.0,0.0,2.0,0.0,13.0
Youri Baas,Ajax,UNKNOWN,NED,92.38,564.0,522.0,0.0,0.0,0.0,10.0
Dayot Upamecano,Bayern München,CENTRE_BACK,FRA,92.38,484.0,450.0,0.0,0.0,0.0,6.0
Bernardo Silva,Man City,ATTACKING_MIDFIELDER,POR,92.38,381.0,357.0,26.32,19.0,5.0,16.0
Giorgio Scalvini,Atalanta,UNKNOWN,ITA,92.34,84.0,75.0,0.0,0.0,0.0,0.0
Cristhian Mosquera,Arsenal,UNKNOWN,ESP,92.29,253.0,237.0,0.0,0.0,0.0,6.0
Nico O’Reilly,Man City,UNKNOWN,ENG,92.25,411.0,384.0,33.34,9.0,3.0,6.0
Miguel Gutiérrez,Napoli,UNKNOWN,ESP,92.2,174.0,162.0,13.34,15.0,2.0,0.0
Matheus Nunes,Man City,UNKNOWN,POR,92.17,305.0,281.0,25.0,4.0,1.0,8.0
Ousmane Diomande,Sporting CP,UNKNOWN,CIV,92.15,353.0,334.0,0.0,0.0,0.0,3.0
Warren Zaïre-Emery,Paris,DEFENSIVE_MIDFIELDER,FRA,92.09,656.0,611.0,50.0,4.0,2.0,6.0
Leon Goretzka,Bayern München,CENTRAL_MIDFIELDER,GER,92.0,162.0,150.0,0.0,1.0,0.0,3.0
Bremer,Juventus,UNKNOWN,BRA,92.0,145.0,130.0,0.0,0.0,0.0,1.0
Pau Navarro,Villarreal,UNKNOWN,ESP,92.0,101.0,89.0,0.0,1.0,0.0,3.0
Aymeric Laporte,Athletic Club,CENTRE_BACK,ESP,92.0,87.0,80.0,0.0,0.0,0.0,2.0
Niklas Süle,B. Dortmund,UNKNOWN,GER,92.0,72.0,66.0,0.0,0.0,0.0,1.0
Arda Ünyay,Galatasaray,DEFENDER,TUR,92.0,24.0,22.0,0.0,0.0,0.0,1.0
Koke,Atleti,CENTRAL_MIDFIELDER,ESP,91.92,515.0,479.0,20.0,5.0,1.0,14.0
Alessandro Buongiorno,Napoli,DEFENDER,ITA,91.86,411.0,377.0,0.0,0.0,0.0,9.0
William Saliba,Arsenal,CENTRE_BACK,FRA,91.86,386.0,356.0,0.0,0.0,0.0,6.0
Armando Obispo,PSV,CENTRE_BACK,NED,91.84,210.0,191.0,0.0,0.0,0.0,6.0
Berat Djimsiti,Atalanta,FULL_BACK,ALB,91.8,477.0,436.0,0.0,0.0,0.0,8.0
Marcos Llorente,Atleti,UNKNOWN,ESP,91.8,415.0,382.0,25.0,20.0,5.0,11.0
Morten Hjulmand,Sporting CP,CENTRAL_MIDFIELDER,DEN,91.78,605.0,556.0,0.0,2.0,0.0,35.0
Micky van de Ven,Tottenham,UNKNOWN,NED,91.75,376.0,348.0,0.0,0.0,0.0,7.0
Henrikh Mkhitaryan,Inter,ATTACKING_MIDFIELDER,ARM,91.75,136.0,124.0,0.0,3.0,0.0,1.0
Tyrique George,Chelsea,UNKNOWN,ENG,91.75,50.0,45.0,33.34,3.0,1.0,0.0
Jostein Gundersen,Bodø/Glimt,UNKNOWN,NOR,91.67,386.0,355.0,0.0,1.0,0.0,8.0
Stefan de Vrij,Inter,CENTRE_BACK,NED,91.67,157.0,144.0,0.0,0.0,0.0,4.0
Sean Steur,Ajax,UNKNOWN,NED,91.67,95.0,84.0,0.0,1.0,0.0,0.0
James McConnell,Ajax,UNKNOWN,ENG,91.67,41.0,37.0,0.0,1.0,0.0,0.0
Malick Thiaw,Newcastle,UNKNOWN,GER,91.64,505.0,464.0,100.0,1.0,1.0,6.0
Gabriel,Arsenal,CENTRE_BACK,BRA,91.58,300.0,272.0,0.0,0.0,0.0,11.0
Franco Mastantuono,Real Madrid,UNKNOWN,ARG,91.58,102.0,90.0,66.67,3.0,2.0,0.0
Brandon Mechele,Club Brugge,CENTRE_BACK,BEL,91.5,588.0,545.0,0.0,1.0,0.0,17.0
Jules Koundé,Barcelona,CENTRE_BACK,FRA,91.5,522.0,482.0,14.29,7.0,1.0,9.0
Abdellah Zoubir,Qarabağ,CENTRAL_MIDFIELDER,FRA,91.5,420.0,386.0,10.0,10.0,1.0,4.0
Brahim Díaz,Real Madrid,ATTACKING_MIDFIELDER,MAR,91.5,134.0,122.0,20.0,5.0,1.0,0.0
Kang-in Lee,Paris,STRIKER,KOR,91.45,223.0,210.0,47.83,23.0,11.0,0.0
Ko Itakura,Ajax,UNKNOWN,JPN,91.34,298.0,272.0,0.0,0.0,0.0,5.0
Aleix García,Leverkusen,UNKNOWN,ESP,91.25,965.0,880.0,28.58,35.0,10.0,30.0
Sofiane Boufal,Union SG,ATTACKING_MIDFIELDER,MAR,91.25,31.0,28.0,33.34,3.0,1.0,1.0
Antonio Rüdiger,Real Madrid,CENTRE_BACK,GER,91.2,270.0,246.0,0.0,0.0,0.0,2.0
Josip Šutalo,Ajax,CENTRE_BACK,CRO,91.17,366.0,339.0,0.0,0.0,0.0,4.0
Benjamin Pavard,Marseille,DEFENDER,FRA,91.17,263.0,239.0,25.0,8.0,2.0,5.0
Sam Beukema,Napoli,UNKNOWN,NED,91.17,251.0,233.0,0.0,1.0,0.0,4.0
Sead Kolašinac,Atalanta,FULL_BACK,BIH,91.17,240.0,216.0,0.0,0.0,0.0,5.0
Konrad Laimer,Bayern München,CENTRAL_MIDFIELDER,AUT,91.15,314.0,286.0,0.0,4.0,0.0,5.0
Jude Bellingham,Real Madrid,UNKNOWN,ENG,91.15,251.0,232.0,0.0,2.0,0.0,5.0
Renato Veiga,Villarreal,UNKNOWN,POR,91.13,465.0,423.0,50.0,2.0,1.0,17.0
Equi Fernández,Leverkusen,UNKNOWN,ARG,91.12,388.0,355.0,0.0,3.0,0.0,10.0
Bahlul Mustafazade,Qarabağ,UNKNOWN,AZE,91.12,310.0,281.0,0.0,0.0,0.0,20.0
Edmond Tapsoba,Leverkusen,CENTRE_BACK,BFA,91.0,616.0,555.0,0.0,1.0,0.0,10.0
Reece James,Chelsea,UNKNOWN,ENG,91.0,401.0,367.0,21.06,19.0,4.0,20.0
Curtis Jones,Liverpool,UNKNOWN,ENG,91.0,365.0,347.0,0.0,0.0,0.0,5.0
Ronald Araújo,Barcelona,UNKNOWN,URU,91.0,293.0,267.0,0.0,0.0,0.0,12.0
Jorthy Mokio,Ajax,UNKNOWN,BEL,91.0,251.0,228.0,0.0,4.0,0.0,9.0
Wilson Odobert,Tottenham,UNKNOWN,FRA,91.0,165.0,148.0,21.43,14.0,3.0,0.0
Thiago Pitarch,Real Madrid,MIDFIELDER,ESP,91.0,78.0,71.0,0.0,0.0,0.0,0.0
Oscar Bobb,Man City,UNKNOWN,NOR,91.0,47.0,40.0,0.0,0.0,0.0,1.0
Pascal Gross,B. Dortmund,UNKNOWN,GER,91.0,34.0,30.0,25.0,4.0,1.0,2.0
Jerdy Schouten,PSV,UNKNOWN,NED,90.88,419.0,382.0,0.0,1.0,0.0,9.0
Daniel Parejo,Villarreal,CENTRAL_MIDFIELDER,ESP,90.86,125.0,115.0,100.0,1.0,1.0,4.0
Andreas Helmersen,Bodø/Glimt,STRIKER,NOR,90.84,32.0,27.0,0.0,0.0,0.0,0.0
Declan Rice,Arsenal,MIDFIELDER,ENG,90.75,375.0,342.0,37.04,27.0,10.0,35.0
Dani Ceballos,Real Madrid,CENTRAL_MIDFIELDER,ESP,90.75,209.0,193.0,0.0,5.0,0.0,8.0
Juan Foyth,Villarreal,CENTRE_BACK,ARG,90.75,208.0,189.0,0.0,0.0,0.0,8.0
Destiny Udogie,Tottenham,UNKNOWN,ITA,90.72,176.0,156.0,20.0,5.0,1.0,5.0
Pablo Barrios,Atleti,UNKNOWN,ESP,90.67,471.0,428.0,20.0,5.0,1.0,6.0
Martin Terrier,Leverkusen,WINGER,FRA,90.67,44.0,40.0,0.0,0.0,0.0,0.0
Cristian Romero,Tottenham,UNKNOWN,ARG,90.63,445.0,409.0,0.0,0.0,0.0,16.0
Virgil van Dijk,Liverpool,CENTRE_BACK,NED,90.6,672.0,613.0,0.0,0.0,0.0,22.0
Nayef Aguerd,Marseille,UNKNOWN,MAR,90.6,346.0,314.0,0.0,0.0,0.0,12.0
Nico Schlotterbeck,B. Dortmund,UNKNOWN,GER,90.58,499.0,454.0,40.0,5.0,2.0,9.0
Antoine Semenyo,Man City,FORWARD,GHA,90.5,38.0,33.0,0.0,3.0,0.0,0.0
Jonas Hofmann,Leverkusen,WINGER,GER,90.5,28.0,23.0,0.0,0.0,0.0,0.0
Yarek Gasiorowski,PSV,UNKNOWN,ESP,90.43,273.0,249.0,0.0,1.0,0.0,8.0
Joelinton,Newcastle,STRIKER,BRA,90.4,237.0,212.0,0.0,1.0,0.0,1.0
Kian Fitz-Jim,Ajax,UNKNOWN,NED,90.4,37.0,34.0,0.0,0.0,0.0,1.0
Scott McTominay,Napoli,DEFENSIVE_MIDFIELDER,SCO,90.38,338.0,306.0,20.0,5.0,1.0,4.0
Joshua Kimmich,Bayern München,CENTRE_BACK,GER,90.34,787.0,721.0,24.14,29.0,7.0,36.0
Gabriel Martinelli,Arsenal,WINGER,BRA,90.34,143.0,121.0,37.94,29.0,11.0,0.0
Pedri,Barcelona,UNKNOWN,ESP,90.29,454.0,409.0,66.67,3.0,2.0,21.0
Juan Jesus,Napoli,CENTRE_BACK,BRA,90.29,267.0,243.0,0.0,0.0,0.0,13.0
Khvicha Kvaratskhelia,Paris,UNKNOWN,GEO,90.28,427.0,382.0,13.34,30.0,4.0,2.0
Iván Fresneda,Sporting CP,UNKNOWN,ESP,90.23,387.0,350.0,6.25,16.0,1.0,9.0
Lennart Karl,Bayern München,UNKNOWN,GER,90.15,274.0,249.0,16.67,6.0,1.0,0.0
Ryan Gravenberch,Liverpool,CENTRAL_MIDFIELDER,NED,90.12,479.0,434.0,0.0,3.0,0.0,6.0
Andrea Cambiaso,Juventus,UNKNOWN,ITA,90.12,351.0,317.0,31.25,16.0,5.0,5.0
Nuno Mendes,Paris,FULL_BACK,POR,90.0,728.0,657.0,19.36,31.0,6.0,11.0
Loïc Badé,Leverkusen,UNKNOWN,FRA,90.0,481.0,450.0,100.0,1.0,1.0,5.0
Joaquin Seys,Club Brugge,UNKNOWN,BEL,90.0,299.0,270.0,0.0,6.0,0.0,4.0
Ryan Flamingo,PSV,UNKNOWN,NED,90.0,152.0,132.0,0.0,2.0,0.0,6.0
Marc Bernal,Barcelona,UNKNOWN,ESP,90.0,129.0,115.0,100.0,1.0,1.0,3.0
Can Uzun,Frankfurt,UNKNOWN,TUR,90.0,102.0,91.0,0.0,1.0,0.0,2.0
Jan Bořil,Slavia Praha,FULL_BACK,CZE,90.0,47.0,40.0,33.34,3.0,1.0,1.0
Jamal Musiala,Bayern München,UNKNOWN,GER,90.0,43.0,39.0,0.0,0.0,0.0,0.0
Gerald Alders,Ajax,DEFENDER,NED,90.0,21.0,19.0,0.0,0.0,0.0,2.0
Marco Brescianini,Atalanta,CENTRAL_MIDFIELDER,ITA,90.0,12.0,11.0,0.0,0.0,0.0,0.0
Axel Tape,Leverkusen,UNKNOWN,FRA,90.0,10.0,9.0,0.0,0.0,0.0,1.0
César Palacios,Real Madrid,MIDFIELDER,ESP,90.0,10.0,9.0,0.0,0.0,0.0,0.0
Achraf Hakimi,Paris,WINGER,MAR,89.89,635.0,572.0,10.0,10.0,1.0,8.0
Robert Andrich,Leverkusen,MIDFIELDER,GER,89.89,494.0,446.0,0.0,0.0,0.0,15.0
Joe Willock,Newcastle,CENTRAL_MIDFIELDER,ENG,89.89,132.0,116.0,25.0,8.0,2.0,0.0
Federico Valverde,Real Madrid,UNKNOWN,URU,89.82,586.0,529.0,23.08,13.0,3.0,6.0
Rodrigo Bentancur,Tottenham,UNKNOWN,URU,89.8,210.0,189.0,50.0,2.0,1.0,4.0
Luis Díaz,Bayern München,CENTRAL_MIDFIELDER,COL,89.75,346.0,311.0,42.86,7.0,3.0,0.0
Lucas Torreira,Galatasaray,DEFENSIVE_MIDFIELDER,URU,89.67,569.0,512.0,33.34,3.0,1.0,21.0
Marc Cucurella,Chelsea,FULL_BACK,ESP,89.67,364.0,326.0,30.0,10.0,3.0,7.0
Denis Zakaria,Monaco,CENTRAL_MIDFIELDER,SUI,89.67,212.0,194.0,0.0,2.0,0.0,7.0
Emre Can,B. Dortmund,DEFENSIVE_MIDFIELDER,GER,89.67,200.0,178.0,0.0,0.0,0.0,8.0
Gerard Martín,Barcelona,UNKNOWN,ESP,89.6,457.0,421.0,0.0,2.0,0.0,10.0
Waldemar Anton,B. Dortmund,UNKNOWN,GER,89.56,569.0,513.0,0.0,2.0,0.0,13.0
Isak Hien,Atalanta,UNKNOWN,SWE,89.56,321.0,294.0,0.0,0.0,0.0,5.0
Leonardo Balerdi,Marseille,UNKNOWN,ARG,89.5,359.0,322.0,50.0,2.0,1.0,12.0
Archie Gray,Tottenham,UNKNOWN,ENG,89.5,241.0,218.0,60.0,5.0,3.0,3.0
Clément Lenglet,Atleti,UNKNOWN,FRA,89.5,130.0,117.0,0.0,0.0,0.0,1.0
Ulisses Garcia,Marseille,FULL_BACK,SUI,89.5,36.0,30.0,33.34,3.0,1.0,1.0
Davinson Sánchez,Galatasaray,CENTRE_BACK,COL,89.46,637.0,581.0,50.0,2.0,1.0,32.0
Yunus Musah,Atalanta,MIDFIELDER,USA,89.43,113.0,98.0,0.0,2.0,0.0,5.0
Thiago Almada,Atleti,UNKNOWN,ARG,89.4,101.0,93.0,50.0,6.0,3.0,2.0
Eric García,Barcelona,CENTRE_BACK,ESP,89.34,511.0,472.0,0.0,0.0,0.0,9.0
Lucas Rosa,Ajax,UNKNOWN,BRA,89.34,118.0,107.0,0.0,3.0,0.0,7.0
Phil Foden,Man City,UNKNOWN,ENG,89.29,305.0,273.0,37.04,27.0,10.0,6.0
Dávid Hancko,Atleti,CENTRE_BACK,SVK,89.2,553.0,496.0,20.0,5.0,1.0,13.0
Denzel Dumfries,Inter,FULL_BACK,NED,89.2,122.0,107.0,20.0,10.0,2.0,4.0
Eren Elmalı,Galatasaray,UNKNOWN,TUR,89.2,92.0,79.0,33.34,6.0,2.0,1.0
Lucas Hernández,Paris,CENTRE_BACK,FRA,89.17,156.0,146.0,0.0,1.0,0.0,2.0
Sven Botman,Newcastle,CENTRE_BACK,NED,89.13,368.0,334.0,0.0,0.0,0.0,6.0
Marc Pubill,Atleti,UNKNOWN,ESP,89.13,356.0,323.0,62.5,8.0,5.0,5.0
Robin Koch,Frankfurt,UNKNOWN,GER,89.13,342.0,312.0,0.0,0.0,0.0,6.0
João Simões,Sporting CP,UNKNOWN,POR,89.13,261.0,237.0,0.0,3.0,0.0,11.0
Eduardo Camavinga,Real Madrid,DEFENSIVE_MIDFIELDER,FRA,89.1,308.0,284.0,0.0,1.0,0.0,4.0
Pierre-Emile Højbjerg,Marseille,CENTRAL_MIDFIELDER,DEN,89.0,573.0,514.0,50.0,2.0,1.0,14.0
Rafa Marín,Villarreal,UNKNOWN,ESP,89.0,252.0,228.0,0.0,0.0,0.0,11.0
Iñigo Lekue,Athletic Club,FULL_BACK,ESP,89.0,95.0,81.0,25.0,4.0,1.0,2.0
Andriy Lunin,Real Madrid,GOALKEEPER,UKR,89.0,67.0,58.0,0.0,0.0,0.0,3.0
Luca Reggiani,B. Dortmund,UNKNOWN,ITA,89.0,35.0,31.0,0.0,0.0,0.0,1.0
James Trafford,Man City,UNKNOWN,ENG,89.0,18.0,16.0,0.0,0.0,0.0,0.0
Maroan Sannadi,Athletic Club,UNKNOWN,MAR,89.0,9.0,8.0,0.0,0.0,0.0,0.0
Leo Shahar,Newcastle,DEFENDER,ENG,89.0,9.0,8.0,0.0,0.0,0.0,0.0
Jarell Quansah,Leverkusen,UNKNOWN,ENG,88.91,584.0,521.0,20.0,5.0,1.0,12.0
Nicolás Otamendi,Benfica,UNKNOWN,ARG,88.9,534.0,478.0,50.0,4.0,2.0,19.0
Désiré Doué,Paris,UNKNOWN,FRA,88.88,316.0,281.0,29.42,34.0,10.0,0.0
Gonçalo Inácio,Sporting CP,CENTRE_BACK,POR,88.78,639.0,569.0,0.0,2.0,0.0,18.0
Rico Lewis,Man City,UNKNOWN,ENG,88.75,133.0,118.0,100.0,2.0,2.0,1.0
Mauro Júnior,PSV,ATTACKING_MIDFIELDER,BRA,88.72,372.0,331.0,37.5,8.0,3.0,6.0
Francisco Conceição,Juventus,UNKNOWN,POR,88.67,191.0,169.0,33.34,27.0,9.0,1.0
Christian Nørgaard,Arsenal,UNKNOWN,DEN,88.67,190.0,170.0,0.0,5.0,0.0,4.0
Álvaro Carreras,Real Madrid,UNKNOWN,ESP,88.63,450.0,402.0,40.0,5.0,2.0,14.0
Dominik Szoboszlai,Liverpool,CENTRAL_MIDFIELDER,HUN,88.6,642.0,577.0,34.7,49.0,17.0,23.0
Mohammed Salisu,Monaco,UNKNOWN,GHA,88.6,198.0,177.0,0.0,0.0,0.0,8.0
Arda Güler,Real Madrid,UNKNOWN,TUR,88.59,553.0,490.0,37.21,43.0,16.0,18.0
Hugo Larsson,Frankfurt,UNKNOWN,SWE,88.58,239.0,209.0,50.0,2.0,1.0,4.0
Bruno Langa,Pafos,UNKNOWN,MOZ,88.58,50.0,42.0,25.0,4.0,1.0,0.0
Mario Pašalić,Atalanta,CENTRAL_MIDFIELDER,CRO,88.56,251.0,220.0,25.0,4.0,1.0,8.0
Dean Huijsen,Real Madrid,UNKNOWN,ESP,88.5,550.0,487.0,0.0,0.0,0.0,6.0
Yuri Berchiche,Athletic Club,UNKNOWN,ESP,88.5,136.0,119.0,16.67,6.0,1.0,2.0
Mario Lemina,Galatasaray,UNKNOWN,GAB,88.45,376.0,336.0,0.0,3.0,0.0,3.0
Tom Bischof,Bayern München,UNKNOWN,GER,88.45,268.0,247.0,14.29,7.0,1.0,6.0
Hans Vanaken,Club Brugge,ATTACKING_MIDFIELDER,BEL,88.4,653.0,581.0,45.46,11.0,5.0,16.0
Alexis Mac Allister,Liverpool,UNKNOWN,ARG,88.4,399.0,353.0,50.0,2.0,1.0,9.0
Pape Sarr,Tottenham,UNKNOWN,SEN,88.34,304.0,267.0,100.0,1.0,1.0,4.0
Lamine Camara,Monaco,UNKNOWN,SEN,88.34,275.0,245.0,22.73,22.0,5.0,15.0
Josip Stanišić,Bayern München,UNKNOWN,CRO,88.34,252.0,223.0,25.0,4.0,1.0,1.0
Sergiño Dest,PSV,FULL_BACK,USA,88.34,243.0,210.0,16.67,12.0,2.0,3.0
Eric Dier,Monaco,DEFENSIVE_MIDFIELDER,ENG,88.34,131.0,118.0,0.0,0.0,0.0,8.0
Petar Sučić,Inter,UNKNOWN,CRO,88.3,274.0,244.0,20.0,5.0,1.0,7.0
Kaan Ayhan,Galatasaray,CENTRE_BACK,TUR,88.25,33.0,29.0,0.0,0.0,0.0,1.0
Tomás Araújo,Benfica,CENTRE_BACK,POR,88.23,367.0,317.0,0.0,0.0,0.0,17.0
Raul Moro,Ajax,UNKNOWN,ESP,88.2,55.0,44.0,14.29,7.0,1.0,0.0
Mario Götze,Frankfurt,STRIKER,GER,88.15,207.0,182.0,0.0,4.0,0.0,1.0
Jamie Gittens,Chelsea,UNKNOWN,ENG,88.15,84.0,75.0,36.37,11.0,4.0,0.0
Éderson,Atalanta,UNKNOWN,BRA,88.12,426.0,382.0,40.0,5.0,2.0,19.0
Jordan Teze,Monaco,FULL_BACK,NED,88.12,309.0,267.0,23.08,13.0,3.0,12.0
Ibrahima Konaté,Liverpool,CENTRE_BACK,FRA,88.0,364.0,325.0,0.0,0.0,0.0,10.0
Luis Henrique,Inter,UNKNOWN,BRA,88.0,202.0,177.0,27.78,18.0,5.0,2.0
Diatta Alassane,Villarreal,MIDFIELDER,SEN,88.0,26.0,23.0,0.0,0.0,0.0,0.0
Darryl Bakola,Marseille,MIDFIELDER,FRA,88.0,25.0,22.0,0.0,2.0,0.0,0.0
Deniz Ofli,Bayern München,UNKNOWN,TUR,88.0,17.0,15.0,0.0,2.0,0.0,0.0
Panagiotis Retsos,Olympiacos,CENTRE_BACK,GRE,87.89,373.0,335.0,0.0,1.0,0.0,9.0
Martin Zubimendi,Arsenal,DEFENSIVE_MIDFIELDER,ESP,87.88,438.0,387.0,100.0,3.0,3.0,6.0
Fabián Ruiz,Paris,CENTRAL_MIDFIELDER,ESP,87.84,319.0,283.0,0.0,3.0,0.0,8.0
Aleksandr Martynovich,Kairat Almaty,CENTRE_BACK,BLR,87.8,303.0,273.0,100.0,1.0,1.0,10.0
João Palhinha,Tottenham,DEFENSIVE_MIDFIELDER,POR,87.75,245.0,217.0,0.0,0.0,0.0,5.0
Birger Meling,Copenhagen,FULL_BACK,NOR,87.75,77.0,65.0,0.0,2.0,0.0,2.0
Piero Hincapié,Arsenal,UNKNOWN,ECU,87.67,168.0,147.0,0.0,5.0,0.0,2.0
Kevin De Bruyne,Napoli,ATTACKING_MIDFIELDER,BEL,87.67,81.0,68.0,28.58,7.0,2.0,3.0
David Alaba,Real Madrid,FULL_BACK,AUT,87.67,78.0,69.0,0.0,0.0,0.0,0.0
Amine Gouiri,Marseille,STRIKER,ALG,87.67,57.0,48.0,33.34,6.0,2.0,0.0
Xavi Simons,Tottenham,UNKNOWN,NED,87.6,322.0,285.0,33.34,12.0,4.0,8.0
Emmanuel Addai,Qarabağ,UNKNOWN,GHA,87.6,112.0,94.0,16.67,6.0,1.0,2.0
Hamed Traorè,Marseille,UNKNOWN,CIV,87.5,38.0,33.0,0.0,0.0,0.0,0.0
Nathan Tella,Leverkusen,UNKNOWN,NGA,87.5,10.0,9.0,0.0,1.0,0.0,0.0
Hidemasa Morita,Sporting CP,UNKNOWN,JPN,87.45,182.0,156.0,66.67,3.0,2.0,6.0
Aladji Bamba,Monaco,MIDFIELDER,FRA,87.4,58.0,50.0,0.0,0.0,0.0,1.0
Adem Zorgane,Union SG,UNKNOWN,ALG,87.38,407.0,356.0,0.0,2.0,0.0,8.0
Michael Olise,Bayern München,UNKNOWN,FRA,87.34,434.0,379.0,16.67,42.0,7.0,5.0
Rui Silva,Sporting CP,GOALKEEPER,POR,87.34,297.0,259.0,0.0,0.0,0.0,21.0
Malik Tillman,Leverkusen,UNKNOWN,USA,87.3,242.0,204.0,16.67,6.0,1.0,0.0
Martin Ødegaard,Arsenal,ATTACKING_MIDFIELDER,NOR,87.25,162.0,135.0,0.0,8.0,0.0,7.0
Piotr Zieliński,Inter,ATTACKING_MIDFIELDER,POL,87.2,411.0,377.0,25.0,8.0,2.0,9.0
Felix Nmecha,B. Dortmund,MIDFIELDER,GER,87.0,441.0,384.0,50.0,2.0,1.0,7.0
Raúl Asencio,Real Madrid,UNKNOWN,ESP,87.0,341.0,321.0,50.0,2.0,1.0,15.0
Pedro Neto,Chelsea,WINGER,POR,87.0,232.0,205.0,17.95,39.0,7.0,4.0
Ellyes Skhiri,Frankfurt,UNKNOWN,TUN,87.0,189.0,166.0,0.0,0.0,0.0,2.0
Joe Gomez,Liverpool,UNKNOWN,ENG,87.0,137.0,119.0,0.0,8.0,0.0,4.0
Igoh Ogbu,Slavia Praha,CENTRE_BACK,NGA,87.0,55.0,48.0,0.0,0.0,0.0,1.0
Pierre Kalulu,Juventus,FULL_BACK,FRA,86.9,499.0,443.0,46.67,15.0,7.0,11.0
David Zima,Slavia Praha,CENTRE_BACK,CZE,86.88,275.0,240.0,0.0,1.0,0.0,11.0
Oscar Gloukh,Ajax,CENTRAL_MIDFIELDER,ISR,86.88,225.0,188.0,26.67,15.0,4.0,7.0
Anass Salah-Eddine,PSV,FULL_BACK,MAR,86.86,229.0,198.0,33.34,6.0,2.0,3.0
José María Giménez,Atleti,CENTRE_BACK,URU,86.84,185.0,172.0,0.0,0.0,0.0,4.0
William Osula,Newcastle,UNKNOWN,DEN,86.84,20.0,16.0,0.0,0.0,0.0,0.0
Thilo Kehrer,Monaco,CENTRAL_MIDFIELDER,GER,86.78,349.0,308.0,0.0,1.0,0.0,16.0
Mamadou Diakhon,Club Brugge,UNKNOWN,FRA,86.78,110.0,93.0,28.58,7.0,2.0,1.0
Richard Ríos,Benfica,UNKNOWN,COL,86.75,276.0,239.0,33.34,6.0,2.0,12.0
Elye Wahi,Frankfurt,UNKNOWN,FRA,86.67,14.0,12.0,0.0,1.0,0.0,0.0
Djed Spence,Tottenham,UNKNOWN,ENG,86.6,307.0,260.0,13.64,22.0,3.0,8.0
Mathias Rasmussen,Union SG,UNKNOWN,NOR,86.6,85.0,75.0,60.0,5.0,3.0,2.0
Claudio Echeverri,Leverkusen,UNKNOWN,ARG,86.6,60.0,51.0,0.0,1.0,0.0,0.0
Pantelis Hatzidiakos,Copenhagen,CENTRE_BACK,GRE,86.58,254.0,219.0,0.0,0.0,0.0,13.0
Joey Veerman,PSV,UNKNOWN,NED,86.5,550.0,477.0,23.92,46.0,11.0,25.0
Marco Sportiello,Atalanta,UNKNOWN,ITA,86.5,65.0,56.0,0.0,0.0,0.0,4.0
Manuel Locatelli,Juventus,DEFENSIVE_MIDFIELDER,ITA,86.45,480.0,421.0,28.58,7.0,2.0,24.0
Malo Gusto,Chelsea,UNKNOWN,FRA,86.43,234.0,203.0,31.25,16.0,5.0,3.0
Dani Olmo,Barcelona,WINGER,ESP,86.38,156.0,136.0,40.0,5.0,2.0,6.0
Lucas Chevalier,Paris,GOALKEEPER,FRA,86.34,188.0,161.0,0.0,0.0,0.0,4.0
Fredrik André Bjørkan,Bodø/Glimt,UNKNOWN,NOR,86.3,545.0,472.0,25.0,12.0,3.0,10.0
Dan Burn,Newcastle,UNKNOWN,ENG,86.28,488.0,428.0,0.0,2.0,0.0,4.0
Bradley Barcola,Paris,UNKNOWN,FRA,86.25,342.0,297.0,33.34,9.0,3.0,0.0
Ousmane Dembélé,Paris,UNKNOWN,FRA,86.25,255.0,216.0,38.47,13.0,5.0,1.0
Romeo Vermant,Club Brugge,UNKNOWN,BEL,86.25,87.0,67.0,0.0,2.0,0.0,1.0
Kylian Mbappé,Real Madrid,STRIKER,FRA,86.23,293.0,249.0,40.0,5.0,2.0,2.0
Lucas Vázquez,Leverkusen,STRIKER,ESP,86.2,163.0,142.0,36.37,11.0,4.0,1.0
Eljif Elmas,Napoli,CENTRAL_MIDFIELDER,MKD,86.15,187.0,167.0,35.72,14.0,5.0,4.0
Aleksandar Stanković,Club Brugge,UNKNOWN,SRB,86.1,467.0,409.0,25.0,4.0,1.0,10.0
Maghnes Akliouche,Monaco,UNKNOWN,FRA,86.1,337.0,290.0,0.0,9.0,0.0,4.0
Ramy Bensebaini,B. Dortmund,CENTRE_BACK,ALG,86.0,548.0,471.0,16.67,12.0,2.0,30.0
Matteo Ruggeri,Atleti,UNKNOWN,ITA,86.0,470.0,404.0,29.04,31.0,9.0,3.0
Lloyd Kelly,Juventus,UNKNOWN,ENG,86.0,435.0,383.0,0.0,3.0,0.0,6.0
Bukayo Saka,Arsenal,WINGER,ENG,86.0,176.0,148.0,32.36,34.0,11.0,4.0
Davide Frattesi,Inter,UNKNOWN,ITA,86.0,89.0,77.0,0.0,2.0,0.0,4.0
Georges Mikautadze,Villarreal,FORWARD,GEO,86.0,61.0,52.0,0.0,1.0,0.0,0.0
Nuno Santos,Sporting CP,UNKNOWN,POR,86.0,53.0,46.0,36.37,11.0,4.0,1.0
João Mário,Juventus,UNKNOWN,POR,86.0,52.0,44.0,25.0,4.0,1.0,0.0
Alex Murphy,Newcastle,DEFENDER,IRL,86.0,50.0,43.0,0.0,0.0,0.0,0.0
Matteo Darmian,Inter,FULL_BACK,ITA,86.0,48.0,40.0,20.0,5.0,1.0,0.0
Ibon Sanchez,Athletic Club,MIDFIELDER,ESP,86.0,7.0,6.0,0.0,0.0,0.0,0.0
Leroy Sané,Galatasaray,WINGER,GER,85.9,334.0,285.0,38.47,13.0,5.0,2.0
Khephren Thuram,Juventus,DEFENSIVE_MIDFIELDER,FRA,85.89,303.0,265.0,20.0,5.0,1.0,7.0
Kassoum Ouattara,Monaco,UNKNOWN,FRA,85.86,88.0,69.0,11.12,9.0,1.0,1.0
Marc Casadó,Barcelona,UNKNOWN,ESP,85.84,162.0,146.0,0.0,1.0,0.0,2.0
Matteo Politano,Napoli,WINGER,ITA,85.84,150.0,129.0,28.95,38.0,11.0,1.0
Kevin Medina,Qarabağ,CENTRE_BACK,COL,85.8,499.0,432.0,100.0,1.0,1.0,25.0
Paul Wanner,PSV,UNKNOWN,AUT,85.67,98.0,80.0,0.0,1.0,0.0,1.0
Kamiel Van De Perre,Union SG,UNKNOWN,BEL,85.63,245.0,213.0,100.0,1.0,1.0,7.0
Alfonso Pedraza,Villarreal,WINGER,ESP,85.6,107.0,96.0,23.81,21.0,5.0,1.0
Jurriën Timber,Arsenal,FULL_BACK,NED,85.58,234.0,202.0,10.0,10.0,1.0,4.0
Abdülkerim Bardakcı,Galatasaray,CENTRE_BACK,TUR,85.55,518.0,446.0,40.0,5.0,2.0,20.0
Fermín López,Barcelona,CENTRAL_MIDFIELDER,ESP,85.45,285.0,247.0,37.5,8.0,3.0,2.0
Nicolò Barella,Inter,CENTRAL_MIDFIELDER,ITA,85.38,386.0,329.0,30.77,26.0,8.0,8.0
Christian Burgess,Union SG,UNKNOWN,ENG,85.38,275.0,235.0,0.0,1.0,0.0,15.0
Alejandro Grimaldo,Leverkusen,FULL_BACK,ESP,85.34,713.0,608.0,24.62,65.0,16.0,17.0
Mamadou Coulibaly,Monaco,UNKNOWN,FRA,85.34,224.0,187.0,0.0,3.0,0.0,6.0
Christos Zafeiris,Slavia Praha,UNKNOWN,GRE,85.34,130.0,109.0,0.0,5.0,0.0,13.0
Tijjani Reijnders,Man City,CENTRAL_MIDFIELDER,NED,85.3,334.0,300.0,22.73,22.0,5.0,9.0
Davy Klaassen,Ajax,ATTACKING_MIDFIELDER,NED,85.25,198.0,172.0,0.0,2.0,0.0,6.0
Enzo Fernández,Chelsea,UNKNOWN,ARG,85.2,435.0,377.0,11.12,18.0,2.0,11.0
Matt O'Riley,Marseille,UNKNOWN,DEN,85.15,182.0,160.0,33.34,3.0,1.0,6.0
Giovanni Di Lorenzo,Napoli,FULL_BACK,ITA,85.0,388.0,343.0,9.1,11.0,1.0,12.0
Samuel Dahl,Benfica,UNKNOWN,SWE,85.0,346.0,295.0,25.0,12.0,3.0,10.0
Rayan Cherki,Man City,UNKNOWN,FRA,85.0,300.0,258.0,20.0,20.0,4.0,6.0
Andoni Gorosabel,Athletic Club,FULL_BACK,ESP,85.0,162.0,135.0,16.67,12.0,2.0,1.0
Luis Guilherme,Sporting CP,FORWARD,BRA,85.0,34.0,29.0,42.86,7.0,3.0,1.0
Javier Galán,Atleti,UNKNOWN,ESP,85.0,34.0,29.0,0.0,1.0,0.0,1.0
Gianluigi Donnarumma,Man City,GOALKEEPER,ITA,84.89,232.0,198.0,0.0,0.0,0.0,16.0
Aitor Paredes,Athletic Club,UNKNOWN,ESP,84.86,315.0,271.0,0.0,1.0,0.0,12.0
Edon Zhegrova,Juventus,WINGER,KOS,84.84,72.0,61.0,33.34,9.0,3.0,3.0
Adilet Sadybekov,Kairat Almaty,UNKNOWN,KAZ,84.8,75.0,64.0,100.0,1.0,1.0,7.0
Nahuel Molina,Atleti,UNKNOWN,ARG,84.78,268.0,224.0,20.0,10.0,2.0,5.0
Roland Sallai,Galatasaray,UNKNOWN,HUN,84.75,424.0,364.0,28.13,32.0,9.0,11.0
Gabriel Sara,Galatasaray,UNKNOWN,BRA,84.75,377.0,318.0,33.97,53.0,18.0,24.0
Myles Lewis-Skelly,Arsenal,UNKNOWN,ENG,84.75,239.0,209.0,25.0,8.0,2.0,5.0
Jorne Spileers,Club Brugge,UNKNOWN,BEL,84.75,36.0,33.0,0.0,0.0,0.0,1.0
Lucas Bergvall,Tottenham,UNKNOWN,SWE,84.72,97.0,81.0,0.0,8.0,0.0,3.0
Davide Zappacosta,Atalanta,FULL_BACK,ITA,84.7,353.0,299.0,37.84,37.0,14.0,7.0
Jens Petter Hauge,Bodø/Glimt,UNKNOWN,NOR,84.67,490.0,412.0,27.28,11.0,3.0,2.0
Marko Janković,Qarabağ,WINGER,MNE,84.67,456.0,389.0,33.34,15.0,5.0,24.0
Ibrahim Maza,Leverkusen,UNKNOWN,ALG,84.67,320.0,269.0,38.89,18.0,7.0,1.0
Nany Dimata,Pafos,STRIKER,BEL,84.67,25.0,21.0,0.0,1.0,0.0,1.0
Pêpê,Pafos,WINGER,POR,84.63,345.0,293.0,57.15,7.0,4.0,19.0
Alejandro Rego,Athletic Club,MIDFIELDER,ESP,84.63,198.0,162.0,0.0,1.0,0.0,5.0
Maximiliano Araújo,Sporting CP,UNKNOWN,URU,84.56,305.0,258.0,25.93,27.0,7.0,8.0
André Luiz,Olympiacos,UNKNOWN,BRA,84.5,20.0,17.0,0.0,2.0,0.0,0.0
Julian Ryerson,B. Dortmund,DEFENDER,NOR,84.45,270.0,233.0,30.44,46.0,14.0,12.0
Federico Gatti,Juventus,UNKNOWN,ITA,84.4,168.0,149.0,0.0,0.0,0.0,2.0
Conor Bradley,Liverpool,UNKNOWN,NIR,84.4,140.0,120.0,0.0,5.0,0.0,5.0
Lorenzo Pirola,Olympiacos,FULL_BACK,ITA,84.3,349.0,300.0,0.0,0.0,0.0,11.0
Wilfried Singo,Galatasaray,UNKNOWN,CIV,84.29,250.0,219.0,42.86,7.0,3.0,3.0
Trent Alexander-Arnold,Real Madrid,UNKNOWN,ENG,84.29,250.0,210.0,28.01,25.0,7.0,6.0
Håkon Evjen,Bodø/Glimt,CENTRAL_MIDFIELDER,NOR,84.25,321.0,276.0,33.34,3.0,1.0,3.0
Cole Palmer,Chelsea,UNKNOWN,ENG,84.25,101.0,85.0,14.29,7.0,1.0,1.0
Kyriani Sabbe,Club Brugge,UNKNOWN,BEL,84.23,390.0,329.0,27.78,18.0,5.0,4.0
Eberechi Eze,Arsenal,UNKNOWN,ENG,84.23,218.0,188.0,22.23,9.0,2.0,1.0
Emerson,Marseille,FULL_BACK,ITA,84.2,191.0,164.0,7.7,13.0,1.0,4.0
Iñigo Ruiz De Galarreta,Athletic Club,UNKNOWN,ESP,84.15,160.0,134.0,16.67,6.0,1.0,5.0
Nathaniel Brown,Frankfurt,UNKNOWN,GER,84.13,233.0,201.0,33.34,9.0,3.0,5.0
Serhou Guirassy,B. Dortmund,STRIKER,GUI,84.1,197.0,166.0,0.0,0.0,0.0,0.0
Vitězslav Jaroš,Ajax,UNKNOWN,CZE,84.0,280.0,234.0,0.0,0.0,0.0,6.0
Tino Livramento,Newcastle,UNKNOWN,ENG,84.0,119.0,99.0,40.0,10.0,4.0,2.0
Filippo Mane,B. Dortmund,UNKNOWN,ITA,84.0,61.0,51.0,0.0,2.0,0.0,1.0
Marten de Roon,Atalanta,CENTRAL_MIDFIELDER,NED,83.92,521.0,439.0,16.67,6.0,1.0,23.0
Kenan Yıldız,Juventus,UNKNOWN,TUR,83.9,309.0,263.0,20.0,35.0,7.0,2.0
Timothy Weah,Marseille,STRIKER,USA,83.86,228.0,193.0,18.75,16.0,3.0,0.0
Junnosuke Suzuki,Copenhagen,UNKNOWN,JPN,83.86,225.0,189.0,66.67,6.0,4.0,7.0
Lewis Miley,Newcastle,UNKNOWN,ENG,83.86,163.0,144.0,33.34,3.0,1.0,2.0
David Neres,Napoli,STRIKER,BRA,83.84,93.0,77.0,33.34,15.0,5.0,1.0
Muhammed Cham,Slavia Praha,UNKNOWN,AUT,83.84,80.0,68.0,10.0,10.0,1.0,7.0
Yoram Zague,Copenhagen,UNKNOWN,FRA,83.8,64.0,49.0,25.0,4.0,1.0,2.0
Georgiy Sudakov,Benfica,ATTACKING_MIDFIELDER,UKR,83.78,255.0,216.0,25.0,36.0,9.0,12.0
Kevin Mac Allister,Union SG,UNKNOWN,ITA,83.75,222.0,186.0,0.0,1.0,0.0,2.0
Joan García,Barcelona,GOALKEEPER,ESP,83.72,248.0,206.0,0.0,0.0,0.0,23.0
Fredrik Aursnes,Benfica,DEFENSIVE_MIDFIELDER,NOR,83.7,413.0,350.0,33.34,24.0,8.0,6.0
Youssoufa Moukoko,Copenhagen,UNKNOWN,GER,83.67,61.0,51.0,0.0,0.0,0.0,0.0
Giacomo Raspadori,Atalanta,UNKNOWN,ITA,83.67,59.0,50.0,57.15,7.0,4.0,0.0
Asier Hierro,Athletic Club,FORWARD,ESP,83.67,14.0,11.0,0.0,0.0,0.0,0.0
Arthur Theate,Frankfurt,CENTRE_BACK,BEL,83.63,440.0,377.0,0.0,2.0,0.0,8.0
Christos Mouzakitis,Olympiacos,UNKNOWN,GRE,83.6,351.0,289.0,22.23,18.0,4.0,7.0
Pedro Bicalho,Qarabağ,UNKNOWN,BRA,83.5,387.0,332.0,0.0,2.0,0.0,11.0
Damir Kassabulat,Kairat Almaty,UNKNOWN,KAZ,83.5,152.0,125.0,0.0,0.0,0.0,7.0
Kenneth Taylor,Ajax,CENTRAL_MIDFIELDER,NED,83.5,126.0,109.0,20.0,10.0,2.0,10.0
Carney Chukwuemeka,B. Dortmund,UNKNOWN,AUT,83.5,105.0,90.0,0.0,1.0,0.0,2.0
Badavi Hüseynov,Qarabağ,CENTRE_BACK,AZE,83.5,45.0,37.0,0.0,0.0,0.0,2.0
Rafa Silva,Benfica,STRIKER,POR,83.5,42.0,35.0,0.0,0.0,0.0,0.0
Jun'Ai Byfield,Tottenham,UNKNOWN,ENG,83.5,14.0,13.0,0.0,0.0,0.0,0.0
Félix Lemarechal,Club Brugge,MIDFIELDER,FRA,83.5,10.0,9.0,0.0,1.0,0.0,0.0
Berkan Kutlu,Galatasaray,UNKNOWN,TUR,83.5,7.0,6.0,0.0,0.0,0.0,0.0
Jacob Ramsey,Newcastle,UNKNOWN,ENG,83.45,153.0,140.0,50.0,2.0,1.0,0.0
Murphy Dorley,Slavia Praha,UNKNOWN,LBR,83.4,156.0,132.0,0.0,1.0,0.0,2.0
Florian Wirtz,Liverpool,WINGER,GER,83.34,353.0,298.0,23.08,13.0,3.0,1.0
Facundo Buonanotte,Chelsea,MIDFIELDER,ARG,83.34,63.0,52.0,50.0,2.0,1.0,0.0
Dominic Solanke,Tottenham,UNKNOWN,ENG,83.34,26.0,22.0,100.0,1.0,1.0,0.0
Ben White,Arsenal,UNKNOWN,ENG,83.25,159.0,140.0,20.0,5.0,1.0,4.0
Wojciech Szczęsny,Barcelona,GOALKEEPER,POL,83.25,114.0,96.0,0.0,0.0,0.0,4.0
Amar Dedić,Benfica,UNKNOWN,BIH,83.2,348.0,288.0,0.0,11.0,0.0,8.0
Lewis Hall,Newcastle,UNKNOWN,ENG,83.2,306.0,257.0,30.0,20.0,6.0,7.0
Antoine Griezmann,Atleti,STRIKER,FRA,83.19,273.0,235.0,15.79,19.0,3.0,6.0
Manuel Neuer,Bayern München,GOALKEEPER,GER,83.15,280.0,225.0,0.0,0.0,0.0,11.0
Quina,Pafos,MIDFIELDER,POR,83.15,104.0,86.0,100.0,1.0,1.0,0.0
Sergi Cardona,Villarreal,UNKNOWN,ESP,83.13,186.0,161.0,31.58,19.0,6.0,6.0
Marcus Thuram,Inter,WINGER,FRA,83.12,151.0,122.0,40.0,5.0,2.0,0.0
Patrick Berg,Bodø/Glimt,MIDFIELDER,NOR,83.09,661.0,562.0,33.88,62.0,21.0,58.0
Ernest Poku,Leverkusen,UNKNOWN,NED,83.09,247.0,211.0,50.0,4.0,2.0,0.0
Fredrik Sjøvold,Bodø/Glimt,UNKNOWN,NOR,83.0,549.0,463.0,41.67,12.0,5.0,10.0
Daniel Svensson,B. Dortmund,UNKNOWN,SWE,83.0,288.0,241.0,4.77,21.0,1.0,5.0
Cody Gakpo,Liverpool,WINGER,NED,83.0,151.0,130.0,43.48,23.0,10.0,1.0
Dan Glazer,Kairat Almaty,DEFENSIVE_MIDFIELDER,ISR,83.0,151.0,128.0,100.0,1.0,1.0,5.0
Filip Jørgensen,Chelsea,GOALKEEPER,DEN,83.0,83.0,61.0,0.0,0.0,0.0,3.0
Giuseppe Ambrosino,Napoli,FORWARD,ITA,83.0,12.0,10.0,0.0,4.0,0.0,0.0
Mukhamedali Abish,Kairat Almaty,UNKNOWN,KAZ,83.0,6.0,5.0,0.0,0.0,0.0,0.0
Andreas Schjelderup,Benfica,UNKNOWN,NOR,82.86,153.0,124.0,28.58,14.0,4.0,1.0
Michal Sadílek,Slavia Praha,CENTRAL_MIDFIELDER,CZE,82.75,208.0,171.0,38.1,21.0,8.0,12.0
Estêvão,Chelsea,UNKNOWN,BRA,82.72,149.0,128.0,17.65,17.0,3.0,3.0
Yann Sommer,Inter,GOALKEEPER,SUI,82.7,347.0,287.0,0.0,0.0,0.0,12.0
Mikel Vesga,Athletic Club,CENTRAL_MIDFIELDER,ESP,82.67,85.0,64.0,50.0,2.0,1.0,1.0
Giuliano Simeone,Atleti,UNKNOWN,ARG,82.64,414.0,342.0,12.5,16.0,2.0,2.0
Loïs Openda,Juventus,STRIKER,BEL,82.63,45.0,33.0,0.0,6.0,0.0,0.0
Sondre Brunstad Fet,Bodø/Glimt,UNKNOWN,NOR,82.59,269.0,229.0,33.34,3.0,1.0,0.0
Lamine Yamal,Barcelona,UNKNOWN,ESP,82.5,381.0,318.0,20.0,25.0,5.0,5.0
Marcos Lopez,Copenhagen,UNKNOWN,PER,82.5,284.0,236.0,44.83,29.0,13.0,18.0
Alisson Becker,Liverpool,GOALKEEPER,BRA,82.5,166.0,134.0,0.0,0.0,0.0,7.0
Caio Henrique,Monaco,UNKNOWN,BRA,82.45,331.0,279.0,28.01,25.0,7.0,17.0
Francisco Trincão,Sporting CP,STRIKER,POR,82.45,318.0,263.0,28.58,21.0,6.0,3.0
Leandro Barreiro,Benfica,UNKNOWN,LUX,82.45,245.0,200.0,0.0,2.0,0.0,4.0
Ivan Šunjić,Pafos,DEFENSIVE_MIDFIELDER,BIH,82.43,194.0,160.0,0.0,1.0,0.0,2.0
Chiquinho,Olympiacos,ATTACKING_MIDFIELDER,POR,82.4,182.0,149.0,47.62,21.0,10.0,8.0
Leonardo Spinazzola,Napoli,FULL_BACK,ITA,82.34,194.0,161.0,29.42,17.0,5.0,2.0
Aarón Anselmino,B. Dortmund,CENTRE_BACK,ARG,82.34,139.0,129.0,0.0,1.0,0.0,3.0
Adama Boiro,Athletic Club,UNKNOWN,ESP,82.34,98.0,84.0,11.12,9.0,1.0,2.0
Quentin Ndjantou,Paris,UNKNOWN,FRA,82.34,39.0,33.0,0.0,5.0,0.0,1.0
Sandro Tonali,Newcastle,DEFENSIVE_MIDFIELDER,ITA,82.28,571.0,486.0,31.58,38.0,12.0,39.0
Mason Greenwood,Marseille,STRIKER,ENG,82.25,320.0,260.0,22.23,36.0,8.0,8.0
Igor Paixão,Marseille,UNKNOWN,BRA,82.25,145.0,116.0,0.0,9.0,0.0,0.0
Geoffrey Kondogbia,Marseille,DEFENSIVE_MIDFIELDER,CTA,82.25,135.0,117.0,0.0,1.0,0.0,2.0
Ilias Akhomach,Villarreal,UNKNOWN,ESP,82.25,34.0,29.0,33.34,6.0,2.0,3.0
Carlos Forbs,Club Brugge,UNKNOWN,POR,82.23,206.0,170.0,14.29,14.0,2.0,0.0
Julián Alvarez,Atleti,UNKNOWN,ARG,82.19,367.0,301.0,25.87,58.0,15.0,9.0
Mons Bassouamina,Pafos,UNKNOWN,CGO,82.17,16.0,11.0,0.0,1.0,0.0,0.0
Costinha,Olympiacos,UNKNOWN,POR,82.15,140.0,109.0,13.05,23.0,3.0,2.0
Derrick Luckassen,Pafos,FULL_BACK,NED,82.13,339.0,279.0,50.0,2.0,1.0,12.0
Guus Til,PSV,CENTRAL_MIDFIELDER,NED,82.13,144.0,118.0,0.0,8.0,0.0,0.0
Santiago Hezze,Olympiacos,UNKNOWN,ARG,82.0,326.0,267.0,28.58,7.0,2.0,6.0
Gabriel Pereira,Copenhagen,UNKNOWN,BRA,82.0,315.0,263.0,0.0,3.0,0.0,13.0
Nnamdi Collins,Frankfurt,UNKNOWN,GER,82.0,230.0,189.0,50.0,2.0,1.0,8.0
Hugo Ekitiké,Liverpool,UNKNOWN,FRA,82.0,192.0,156.0,40.0,10.0,4.0,0.0
Mohammed Kudus,Tottenham,ATTACKING_MIDFIELDER,GHA,82.0,120.0,101.0,26.09,23.0,6.0,0.0
João Cancelo,Barcelona,FULL_BACK,POR,82.0,64.0,52.0,0.0,2.0,0.0,1.0
Andreas  Christensen,Barcelona,CENTRE_BACK,DEN,82.0,23.0,20.0,0.0,0.0,0.0,1.0
Gerard Moreno,Villarreal,STRIKER,ESP,82.0,22.0,19.0,0.0,4.0,0.0,1.0
Noah Fernandez,PSV,UNKNOWN,BEL,82.0,11.0,9.0,0.0,1.0,0.0,0.0
Weston McKennie,Juventus,UNKNOWN,USA,81.91,317.0,260.0,58.34,12.0,7.0,1.0
Štěpán Chaloupek,Slavia Praha,UNKNOWN,CZE,81.88,229.0,193.0,50.0,2.0,1.0,6.0
Lorenzo Bernasconi,Atalanta,UNKNOWN,ITA,81.8,375.0,306.0,34.15,41.0,14.0,7.0
Dennis Man,PSV,STRIKER,ROU,81.75,182.0,154.0,0.0,12.0,0.0,0.0
Simon Mignolet,Club Brugge,GOALKEEPER,BEL,81.75,136.0,110.0,0.0,0.0,0.0,0.0
Roony Bardghji,Barcelona,UNKNOWN,SWE,81.75,43.0,37.0,33.34,3.0,1.0,0.0
Francisco Ortega,Olympiacos,UNKNOWN,ARG,81.7,373.0,306.0,34.79,23.0,8.0,10.0
Andy Robertson,Liverpool,UNKNOWN,SCO,81.67,305.0,266.0,27.28,22.0,6.0,3.0
David Goldar,Pafos,UNKNOWN,ESP,81.67,143.0,124.0,0.0,0.0,0.0,4.0
Jorginho,Kairat Almaty,UNKNOWN,POR,81.63,135.0,111.0,0.0,4.0,0.0,0.0
Thomas Partey,Villarreal,DEFENSIVE_MIDFIELDER,GHA,81.6,125.0,107.0,0.0,1.0,0.0,3.0
Ismail Jakobs,Galatasaray,UNKNOWN,SEN,81.5,324.0,265.0,26.09,23.0,6.0,0.0
Barış Alper Yılmaz,Galatasaray,UNKNOWN,TUR,81.5,249.0,201.0,40.0,30.0,12.0,2.0
Illia Zabarnyi,Paris,CENTRE_BACK,UKR,81.5,143.0,138.0,0.0,0.0,0.0,0.0
Hugo Siquet,Club Brugge,FULL_BACK,BEL,81.5,95.0,84.0,16.67,6.0,1.0,5.0
Diogo Nascimento,Olympiacos,UNKNOWN,POR,81.5,20.0,16.0,0.0,1.0,0.0,0.0
Ademola Lookman,Atleti,WINGER,NGA,81.46,235.0,194.0,31.25,16.0,5.0,1.0
Alessandro Bastoni,Inter,CENTRE_BACK,ITA,81.45,592.0,539.0,42.11,19.0,8.0,25.0
Alberto Moleiro,Villarreal,UNKNOWN,ESP,81.43,78.0,60.0,66.67,6.0,4.0,1.0
Sondre Auklend,Bodø/Glimt,UNKNOWN,NOR,81.41,195.0,169.0,33.34,9.0,3.0,2.0
Harry Kane,Bayern München,STRIKER,ENG,81.34,226.0,184.0,0.0,2.0,0.0,6.0
Elvin Jafarguliyev,Qarabağ,CENTRAL_MIDFIELDER,AZE,81.3,349.0,283.0,41.67,12.0,5.0,4.0
Matheus Silva,Qarabağ,UNKNOWN,BRA,81.3,304.0,248.0,30.0,10.0,3.0,20.0
Aleksandr Golovin,Monaco,ATTACKING_MIDFIELDER,RUS,81.29,219.0,180.0,20.0,10.0,2.0,0.0
Mohamed Salah,Liverpool,WINGER,EGY,81.23,221.0,185.0,50.0,30.0,15.0,3.0
Joni Montiel,Qarabağ,MIDFIELDER,ESP,81.2,143.0,116.0,16.67,12.0,2.0,1.0
Harvey Barnes,Newcastle,WINGER,ENG,81.17,223.0,181.0,25.0,24.0,6.0,1.0
Couhaib Driouech,PSV,UNKNOWN,NED,81.15,61.0,49.0,14.29,7.0,1.0,1.0
Egor Sorokin,Kairat Almaty,CENTRE_BACK,RUS,81.13,438.0,365.0,0.0,2.0,0.0,16.0
Alex Meret,Napoli,GOALKEEPER,ITA,81.0,53.0,43.0,0.0,0.0,0.0,2.0
Villads Nielsen,Bodø/Glimt,UNKNOWN,DEN,81.0,47.0,40.0,0.0,1.0,0.0,1.0
Ricardo Pepi,PSV,UNKNOWN,USA,81.0,47.0,40.0,0.0,0.0,0.0,0.0
Selton Sánchez,Athletic Club,UNKNOWN,ESP,81.0,26.0,21.0,0.0,0.0,0.0,0.0
Jordan Larsson,Copenhagen,UNKNOWN,SWE,80.88,145.0,115.0,0.0,8.0,0.0,2.0
Rasmus Højlund,Napoli,UNKNOWN,DEN,80.86,118.0,97.0,0.0,0.0,0.0,0.0
Michele Di Gregorio,Juventus,GOALKEEPER,ITA,80.84,160.0,129.0,0.0,0.0,0.0,6.0
Vlad Dragomir,Pafos,CENTRAL_MIDFIELDER,ROU,80.75,165.0,136.0,50.0,2.0,1.0,1.0
Bilal Nadir,Marseille,UNKNOWN,FRA,80.75,37.0,32.0,0.0,2.0,0.0,2.0
Santiago Mouriño,Villarreal,UNKNOWN,URU,80.67,256.0,210.0,33.34,3.0,1.0,14.0
Raoul Bellanova,Atalanta,FULL_BACK,ITA,80.67,175.0,142.0,32.0,25.0,8.0,0.0
George Ilenikhena,Monaco,UNKNOWN,NGA,80.67,12.0,9.0,0.0,0.0,0.0,0.0
Dastan Satpayev,Kairat Almaty,UNKNOWN,KAZ,80.6,96.0,79.0,60.0,5.0,3.0,2.0
Lazar Samardžić,Atalanta,UNKNOWN,SRB,80.5,148.0,127.0,47.06,17.0,8.0,3.0
Giorgi Zaria,Kairat Almaty,MIDFIELDER,GEO,80.41,60.0,48.0,0.0,4.0,0.0,4.0
Santiago Comesaña,Villarreal,UNKNOWN,ESP,80.38,246.0,200.0,0.0,1.0,0.0,8.0
Mika Godts,Ajax,UNKNOWN,BEL,80.38,222.0,184.0,15.39,13.0,2.0,6.0
Yunus Akgün,Galatasaray,CENTRAL_MIDFIELDER,TUR,80.34,141.0,119.0,0.0,3.0,0.0,0.0
Krépin Diatta,Monaco,WINGER,SEN,80.34,64.0,50.0,100.0,1.0,1.0,0.0
Bruno Guimarães,Newcastle,UNKNOWN,BRA,80.29,272.0,226.0,33.34,6.0,2.0,9.0
Julian Brandt,B. Dortmund,WINGER,GER,80.23,193.0,159.0,20.0,5.0,1.0,0.0
Luís Mata,Kairat Almaty,UNKNOWN,POR,80.15,230.0,186.0,21.06,19.0,4.0,6.0
Vinícius Júnior,Real Madrid,UNKNOWN,BRA,80.09,378.0,305.0,17.65,17.0,3.0,3.0
Robert Sánchez,Chelsea,UNKNOWN,ESP,80.0,285.0,226.0,0.0,0.0,0.0,15.0
Daniel Vivian,Athletic Club,UNKNOWN,ESP,80.0,209.0,170.0,0.0,2.0,0.0,11.0
Lukas Lerager,Copenhagen,CENTRAL_MIDFIELDER,DEN,80.0,178.0,141.0,40.0,5.0,2.0,4.0
Geovany Quenda,Sporting CP,UNKNOWN,POR,80.0,153.0,123.0,33.34,15.0,5.0,5.0
Oihan Sancet,Athletic Club,UNKNOWN,ESP,80.0,121.0,98.0,0.0,2.0,0.0,0.0
Ken Sema,Pafos,WINGER,SWE,80.0,54.0,44.0,66.67,6.0,4.0,0.0
Kiliann Sildillia,PSV,UNKNOWN,FRA,80.0,49.0,39.0,0.0,3.0,0.0,0.0
Don-Angelo Konadu,Ajax,UNKNOWN,NED,80.0,5.0,4.0,0.0,1.0,0.0,0.0
Rodrigo Mendoza,Atleti,MIDFIELDER,ESP,80.0,5.0,4.0,0.0,0.0,0.0,0.0
Jeremy Doku,Man City,STRIKER,BEL,79.89,244.0,197.0,5.89,17.0,1.0,1.0
Jonathan David,Juventus,ATTACKING_MIDFIELDER,CAN,79.89,107.0,88.0,0.0,1.0,0.0,0.0
Nicolas Pépé,Villarreal,WINGER,CIV,79.88,197.0,158.0,33.34,21.0,7.0,10.0
Pape Gueye,Villarreal,UNKNOWN,SEN,79.86,264.0,212.0,28.58,7.0,2.0,8.0
Anouar Ait El Hadj,Union SG,MIDFIELDER,BEL,79.86,176.0,141.0,63.16,19.0,12.0,7.0
Jonathan Burkardt,Frankfurt,UNKNOWN,GER,79.8,69.0,56.0,50.0,4.0,2.0,0.0
Kieran Trippier,Newcastle,FULL_BACK,ENG,79.78,435.0,348.0,44.45,36.0,16.0,12.0
Gelson Martins,Olympiacos,ATTACKING_MIDFIELDER,POR,79.67,237.0,198.0,8.83,34.0,3.0,1.0
Montrell Culbreath,Leverkusen,MIDFIELDER,GER,79.67,27.0,23.0,25.0,4.0,1.0,0.0
Noni Madueke,Arsenal,ATTACKING_MIDFIELDER,ENG,79.6,133.0,105.0,8.0,25.0,2.0,0.0
Marc Giger,Union SG,UNKNOWN,SUI,79.6,41.0,31.0,100.0,1.0,1.0,0.0
Hugo Vetlesen,Club Brugge,UNKNOWN,NOR,79.58,88.0,76.0,0.0,4.0,0.0,3.0
Geny Catamo,Sporting CP,UNKNOWN,MOZ,79.56,248.0,204.0,36.37,11.0,4.0,2.0
Tomáš Holeš,Slavia Praha,FULL_BACK,CZE,79.5,79.0,64.0,100.0,1.0,1.0,5.0
Guilherme Smith,Union SG,UNKNOWN,BRA,79.5,29.0,23.0,33.34,3.0,1.0,0.0
Kamaldeen Sulemana,Atalanta,UNKNOWN,GHA,79.34,109.0,87.0,15.39,13.0,2.0,0.0
Jajá,Pafos,UNKNOWN,BRA,79.29,81.0,61.0,25.0,4.0,1.0,0.0
Arthur,Leverkusen,UNKNOWN,BRA,79.25,110.0,87.0,0.0,1.0,0.0,2.0
Eliesse Ben Seghir,Leverkusen,UNKNOWN,MAR,79.25,51.0,43.0,0.0,1.0,0.0,0.0
Jesús Areso,Athletic Club,UNKNOWN,ESP,79.2,69.0,55.0,20.0,5.0,1.0,1.0
Thibaut Courtois,Real Madrid,GOALKEEPER,BEL,79.19,368.0,292.0,0.0,0.0,0.0,18.0
Robert,Copenhagen,UNKNOWN,BRA,79.17,58.0,43.0,0.0,7.0,0.0,1.0
Savinho,Man City,UNKNOWN,BRA,79.15,192.0,157.0,21.43,14.0,3.0,0.0
Mark Flekken,Leverkusen,UNKNOWN,NED,79.0,195.0,153.0,0.0,0.0,0.0,3.0
Milos Kerkez,Liverpool,UNKNOWN,HUN,79.0,160.0,145.0,11.12,18.0,2.0,4.0
Camilo Duran,Qarabağ,UNKNOWN,COL,79.0,92.0,73.0,0.0,5.0,0.0,0.0
Rob Schoofs,Union SG,UNKNOWN,BEL,79.0,73.0,59.0,0.0,0.0,0.0,0.0
Erik Prekop,Slavia Praha,UNKNOWN,SVK,79.0,19.0,14.0,0.0,0.0,0.0,0.0
Teun Koopmeiners,Juventus,CENTRAL_MIDFIELDER,NED,78.91,379.0,338.0,60.0,15.0,9.0,18.0
Fran García,Real Madrid,FULL_BACK,ESP,78.86,115.0,104.0,0.0,3.0,0.0,0.0
Mads Emil Madsen,Copenhagen,CENTRAL_MIDFIELDER,DEN,78.86,102.0,87.0,0.0,0.0,0.0,2.0
Leandro Trossard,Arsenal,WINGER,BEL,78.84,90.0,72.0,25.0,12.0,3.0,1.0
Federico Chiesa,Liverpool,ATTACKING_MIDFIELDER,ITA,78.8,23.0,16.0,0.0,0.0,0.0,0.0
İlkay Gündoğan,Galatasaray,CENTRAL_MIDFIELDER,GER,78.75,251.0,225.0,42.86,7.0,3.0,12.0
Mikel Merino,Arsenal,CENTRAL_MIDFIELDER,ESP,78.72,208.0,165.0,0.0,0.0,0.0,5.0
Ismael Saibari,PSV,ATTACKING_MIDFIELDER,MAR,78.72,198.0,159.0,16.67,6.0,1.0,1.0
Christos Tzolis,Club Brugge,WINGER,GRE,78.67,309.0,251.0,38.24,34.0,13.0,8.0
Matvei Safonov,Paris,GOALKEEPER,RUS,78.67,172.0,132.0,0.0,0.0,0.0,12.0
Mehdi Taremi,Olympiacos,STRIKER,IRN,78.6,119.0,91.0,0.0,0.0,0.0,0.0
Bruno Onyemaechi,Olympiacos,UNKNOWN,NGA,78.6,21.0,16.0,0.0,4.0,0.0,0.0
Tajon Buchanan,Villarreal,WINGER,CAN,78.58,87.0,70.0,18.19,11.0,2.0,0.0
Charles De Ketelaere,Atalanta,CENTRAL_MIDFIELDER,BEL,78.5,266.0,207.0,43.75,16.0,7.0,2.0
Simon Adingra,Monaco,UNKNOWN,CIV,78.5,16.0,13.0,0.0,0.0,0.0,0.0
Lev Kurgin,Kairat Almaty,UNKNOWN,KAZ,78.5,11.0,8.0,0.0,1.0,0.0,0.0
Carlos Augusto,Inter,UNKNOWN,BRA,78.43,251.0,229.0,60.0,5.0,3.0,9.0
Raphinha,Barcelona,WINGER,BRA,78.43,204.0,162.0,34.62,26.0,9.0,9.0
Noa Lang,Galatasaray,WINGER,NED,78.41,172.0,135.0,30.56,36.0,11.0,4.0
Giorgi Mamardashvili,Liverpool,UNKNOWN,GEO,78.41,124.0,98.0,0.0,0.0,0.0,5.0
Alexander Isak,Liverpool,STRIKER,SWE,78.41,45.0,34.0,0.0,0.0,0.0,0.0
Fotis Ioannidis,Sporting CP,FORWARD,GRE,78.41,42.0,34.0,0.0,0.0,0.0,0.0
Jonas Urbig,Bayern München,UNKNOWN,GER,78.34,108.0,83.0,0.0,0.0,0.0,3.0
Federico Dimarco,Inter,UNKNOWN,ITA,78.23,421.0,338.0,31.33,83.0,26.0,12.0
Marcus Rashford,Barcelona,STRIKER,ENG,78.23,209.0,167.0,25.0,16.0,4.0,7.0
Vanja Milinković-Savić,Napoli,GOALKEEPER,SRB,78.0,273.0,212.0,0.0,0.0,0.0,11.0
Yan Couto,B. Dortmund,UNKNOWN,BRA,78.0,223.0,172.0,20.69,29.0,6.0,3.0
Luis Suárez,Sporting CP,STRIKER,COL,78.0,162.0,126.0,0.0,0.0,0.0,0.0
Rodrygo,Real Madrid,WINGER,BRA,78.0,110.0,87.0,33.34,12.0,4.0,6.0
Gianluca Prestianni,Benfica,UNKNOWN,ARG,78.0,92.0,73.0,18.19,11.0,2.0,2.0
Wout Weghorst,Ajax,STRIKER,NED,78.0,66.0,48.0,100.0,1.0,1.0,0.0
Aurélio Buta,Frankfurt,FULL_BACK,POR,78.0,21.0,16.0,50.0,2.0,1.0,0.0
Jeremie Boga,Juventus,UNKNOWN,CIV,78.0,18.0,14.0,50.0,4.0,2.0,0.0
Jacob Murphy,Newcastle,UNKNOWN,ENG,77.89,115.0,83.0,20.0,20.0,4.0,1.0
Raul Florucz,Union SG,UNKNOWN,AUT,77.8,52.0,39.0,28.58,7.0,2.0,2.0
Lukáš Provod,Slavia Praha,WINGER,CZE,77.75,336.0,263.0,25.93,27.0,7.0,9.0
Ritsu Doan,Frankfurt,WINGER,JPN,77.72,144.0,112.0,7.7,13.0,1.0,4.0
Folarin Balogun,Monaco,STRIKER,USA,77.6,164.0,128.0,0.0,6.0,0.0,0.0
Bruno,Pafos,UNKNOWN,BRA,77.58,202.0,164.0,11.12,9.0,1.0,0.0
Vangelis Pavlidis,Benfica,STRIKER,GRE,77.5,200.0,148.0,20.0,5.0,1.0,0.0
William Clem,Copenhagen,UNKNOWN,DEN,77.5,193.0,158.0,100.0,1.0,1.0,1.0
Ofri Arad,Kairat Almaty,UNKNOWN,ISR,77.5,154.0,125.0,0.0,2.0,0.0,6.0
Frank Anguissa,Napoli,CENTRAL_MIDFIELDER,CMR,77.5,144.0,114.0,0.0,4.0,0.0,1.0
Nick Woltemade,Newcastle,UNKNOWN,GER,77.41,165.0,132.0,0.0,0.0,0.0,1.0
Gerónimo Rulli,Marseille,GOALKEEPER,ARG,77.38,323.0,248.0,0.0,0.0,0.0,25.0
Alexandr Mrynskiy,Kairat Almaty,UNKNOWN,KAZ,77.38,214.0,167.0,31.58,19.0,6.0,3.0
Anton Gaaei,Ajax,UNKNOWN,DEN,77.29,270.0,221.0,3.45,29.0,1.0,10.0
Jeremie Frimpong,Liverpool,FULL_BACK,NED,77.29,110.0,88.0,27.78,18.0,5.0,0.0
Vasil Kušej,Slavia Praha,UNKNOWN,CZE,77.29,102.0,76.0,21.43,14.0,3.0,4.0
Daniel Bragança,Sporting CP,MIDFIELDER,POR,77.25,35.0,29.0,0.0,1.0,0.0,0.0
Pedro Porro,Tottenham,FULL_BACK,ESP,77.23,403.0,321.0,29.42,51.0,15.0,27.0
Gonzalo,Real Madrid,STRIKER,ESP,77.2,38.0,34.0,0.0,0.0,0.0,0.0
Gregor Kobel,B. Dortmund,GOALKEEPER,SUI,77.1,347.0,265.0,0.0,0.0,0.0,27.0
Omar Marmoush,Man City,STRIKER,EGY,77.0,37.0,32.0,0.0,1.0,0.0,0.0
João Virginia,Sporting CP,UNKNOWN,POR,77.0,26.0,20.0,0.0,0.0,0.0,2.0
Haitam Aleesami,Bodø/Glimt,UNKNOWN,NOR,76.89,265.0,241.0,0.0,1.0,0.0,9.0
Alexandr Shirobokov,Kairat Almaty,UNKNOWN,KAZ,76.75,194.0,147.0,0.0,0.0,0.0,10.0
Pio Esposito,Inter,UNKNOWN,ITA,76.67,137.0,106.0,0.0,2.0,0.0,0.0
Anthony Elanga,Newcastle,WINGER,SWE,76.6,146.0,109.0,29.63,27.0,8.0,0.0
Rasmus Kristensen,Frankfurt,FULL_BACK,DEN,76.5,154.0,121.0,0.0,5.0,0.0,3.0
Ayoub El Kaabi,Olympiacos,UNKNOWN,MAR,76.5,143.0,108.0,0.0,2.0,0.0,1.0
Minjae Kim,Bayern München,UNKNOWN,KOR,76.43,271.0,251.0,0.0,0.0,0.0,3.0
Nico Serrano,Athletic Club,UNKNOWN,ESP,76.41,31.0,24.0,20.0,10.0,2.0,1.0
Viktor Gyökeres,Arsenal,UNKNOWN,SWE,76.38,90.0,68.0,25.0,4.0,1.0,0.0
Juan Cabal,Juventus,UNKNOWN,COL,76.34,54.0,42.0,50.0,2.0,1.0,0.0
Kai Havertz,Arsenal,STRIKER,GER,76.34,34.0,23.0,0.0,0.0,0.0,0.0
Mikel Jauregizar,Athletic Club,UNKNOWN,ESP,76.29,186.0,146.0,50.0,12.0,6.0,3.0
Anthony Gordon,Newcastle,FORWARD,ENG,76.25,215.0,170.0,13.34,15.0,2.0,0.0
Olzhas Baibek,Kairat Almaty,UNKNOWN,KAZ,76.25,67.0,50.0,0.0,1.0,0.0,0.0
Jan Oblak,Atleti,GOALKEEPER,SVN,76.2,322.0,244.0,0.0,0.0,0.0,26.0
Rodinei ,Olympiacos,UNKNOWN,BRA,76.0,318.0,246.0,15.39,65.0,10.0,21.0
Nathan Aké,Man City,UNKNOWN,NED,76.0,175.0,166.0,0.0,0.0,0.0,4.0
Dani García,Olympiacos,UNKNOWN,ESP,76.0,168.0,144.0,33.34,3.0,1.0,6.0
Mathys Tel,Tottenham,UNKNOWN,FRA,76.0,37.0,29.0,30.77,13.0,4.0,0.0
Fabian Schär,Newcastle,CENTRE_BACK,SUI,76.0,37.0,28.0,0.0,1.0,0.0,1.0
João Pedro,Chelsea,UNKNOWN,BRA,75.88,159.0,125.0,0.0,1.0,0.0,0.0
Janis Blaswich,Leverkusen,UNKNOWN,GER,75.84,166.0,129.0,0.0,0.0,0.0,11.0
Anan Khalaili,Union SG,UNKNOWN,ISR,75.75,234.0,179.0,23.08,13.0,3.0,1.0
Jean-Matteo Bahoya,Frankfurt,UNKNOWN,FRA,75.75,72.0,60.0,0.0,6.0,0.0,0.0
Karim Adeyemi,B. Dortmund,STRIKER,GER,75.67,144.0,113.0,22.23,9.0,2.0,1.0
Kady,Qarabağ,UNKNOWN,BRA,75.67,143.0,110.0,16.67,12.0,2.0,8.0
Nico Williams,Athletic Club,STRIKER,ESP,75.67,56.0,45.0,0.0,6.0,0.0,0.0
Mislav Oršić,Pafos,WINGER,CRO,75.63,232.0,177.0,26.32,38.0,10.0,9.0
David Douděra,Slavia Praha,UNKNOWN,CZE,75.58,169.0,132.0,53.58,28.0,15.0,1.0
Unai Gomez ,Athletic Club,UNKNOWN,ESP,75.58,63.0,47.0,0.0,8.0,0.0,1.0
Pedro Gonçalves,Sporting CP,UNKNOWN,POR,75.5,171.0,128.0,33.34,9.0,3.0,2.0
Johnny Cardoso,Atleti,UNKNOWN,USA,75.43,205.0,180.0,0.0,1.0,0.0,6.0
Ivan Schranz,Slavia Praha,UNKNOWN,SVK,75.34,18.0,15.0,0.0,0.0,0.0,0.0
Fares Chaibi,Frankfurt,UNKNOWN,ALG,75.25,190.0,145.0,20.0,20.0,4.0,11.0
Lautaro Martínez,Inter,STRIKER,ARG,75.25,141.0,110.0,75.0,4.0,3.0,0.0
Guglielmo Vicario,Tottenham,UNKNOWN,ITA,75.2,349.0,264.0,0.0,0.0,0.0,27.0
Luiz Júnior,Villarreal,UNKNOWN,BRA,75.2,105.0,79.0,0.0,0.0,0.0,8.0
Matheus Reis,Sporting CP,UNKNOWN,BRA,75.0,175.0,157.0,0.0,0.0,0.0,9.0
Nicolás González,Atleti,UNKNOWN,ARG,75.0,151.0,120.0,5.56,18.0,1.0,0.0
Tristan van den Heuvel,Club Brugge,UNKNOWN,NED,75.0,36.0,27.0,0.0,0.0,0.0,0.0
Steven Berghuis,Ajax,WINGER,NED,75.0,24.0,18.0,0.0,1.0,0.0,1.0
Daniel Budesca,Villarreal,DEFENDER,ESP,75.0,12.0,9.0,0.0,1.0,0.0,0.0
Pape Cabral,Monaco,MIDFIELDER,FRA,75.0,11.0,10.0,0.0,0.0,0.0,0.0
Mohammed Fuseini,Union SG,UNKNOWN,GHA,75.0,10.0,7.0,0.0,0.0,0.0,0.0
Musa Gurbanli,Qarabağ,UNKNOWN,AZE,75.0,7.0,6.0,0.0,0.0,0.0,0.0
Antonín Kinský,Tottenham,UNKNOWN,CZE,75.0,4.0,3.0,0.0,0.0,0.0,0.0
Oliver Højer,Copenhagen,UNKNOWN,DEN,75.0,4.0,3.0,0.0,0.0,0.0,0.0
Chris Kouakou,Qarabağ,UNKNOWN,CIV,75.0,4.0,3.0,0.0,0.0,0.0,0.0
Maximilian Beier,B. Dortmund,STRIKER,GER,74.89,140.0,105.0,27.28,11.0,3.0,0.0
Viktor Claesson,Copenhagen,ATTACKING_MIDFIELDER,SWE,74.88,139.0,101.0,33.34,3.0,1.0,0.0
Robert Navarro,Athletic Club,ATTACKING_MIDFIELDER,ESP,74.86,150.0,113.0,33.34,12.0,4.0,4.0
Christian Kofane,Leverkusen,UNKNOWN,CMR,74.82,115.0,104.0,0.0,0.0,0.0,0.0
Kevin Danso,Tottenham,DEFENDER,AUT,74.63,308.0,273.0,45.46,11.0,5.0,9.0
Tomáš Vlček,Slavia Praha,DEFENDER,CZE,74.6,126.0,98.0,14.29,7.0,1.0,6.0
Vanderson,Monaco,UNKNOWN,BRA,74.5,262.0,203.0,33.34,15.0,5.0,4.0
Ivan Perišić,PSV,WINGER,CRO,74.5,191.0,149.0,7.5,40.0,3.0,1.0
Rodrigo Huescas,Copenhagen,UNKNOWN,MEX,74.5,41.0,33.0,40.0,5.0,2.0,0.0
Michael Murillo,Marseille,DEFENDER,PAN,74.29,184.0,153.0,0.0,5.0,0.0,7.0
Fabio Miretti,Juventus,UNKNOWN,ITA,74.29,135.0,110.0,33.34,6.0,2.0,4.0
Giulian Biancone,Olympiacos,DEFENDER,FRA,74.15,135.0,101.0,50.0,2.0,1.0,4.0
Olexiy Kashchuk,Qarabağ,UNKNOWN,UKR,74.13,46.0,35.0,25.0,4.0,1.0,0.0
Robert Lewandowski,Barcelona,STRIKER,POL,74.12,101.0,73.0,0.0,0.0,0.0,1.0
Patrik Schick,Leverkusen,STRIKER,CZE,74.0,111.0,84.0,0.0,0.0,0.0,0.0
Ruben van Bommel,PSV,UNKNOWN,NED,74.0,23.0,17.0,0.0,1.0,0.0,0.0
Nicola Zalewski,Atalanta,ATTACKING_MIDFIELDER,POL,73.84,135.0,99.0,22.23,18.0,4.0,10.0
Ayoze Pérez,Villarreal,STRIKER,ESP,73.8,60.0,45.0,28.58,7.0,2.0,0.0
Thomas Delaney,Copenhagen,CENTRAL_MIDFIELDER,DEN,73.75,71.0,54.0,0.0,2.0,0.0,1.0
António Silva,Benfica,UNKNOWN,POR,73.67,173.0,149.0,0.0,0.0,0.0,4.0
Jug Stanojev,Kairat Almaty,UNKNOWN,SRB,73.6,24.0,19.0,0.0,2.0,0.0,0.0
Uğurcan Çakır,Galatasaray,GOALKEEPER,TUR,73.59,495.0,364.0,0.0,0.0,0.0,35.0
Dodi Lukébakio,Benfica,UNKNOWN,BEL,73.5,98.0,78.0,14.29,14.0,2.0,3.0
Souleymane Faye,Sporting CP,FORWARD,SEN,73.5,13.0,10.0,0.0,1.0,0.0,0.0
Leandro Andrade,Qarabağ,UNKNOWN,CPV,73.45,146.0,114.0,14.29,14.0,2.0,0.0
David Raya,Arsenal,UNKNOWN,ESP,73.34,325.0,233.0,0.0,0.0,0.0,33.0
Robin Le Normand,Atleti,CENTRE_BACK,ESP,73.2,237.0,219.0,0.0,0.0,0.0,1.0
Kostas Pileas,Pafos,UNKNOWN,CYP,73.0,115.0,82.0,0.0,2.0,0.0,3.0
Radu Drăgușin,Tottenham,UNKNOWN,ROU,73.0,26.0,19.0,0.0,1.0,0.0,0.0
Nariman Akhundzade,Qarabağ,UNKNOWN,AZE,73.0,22.0,18.0,100.0,1.0,1.0,0.0
Alisson Santos,Sporting CP,UNKNOWN,BRA,72.88,62.0,48.0,0.0,6.0,0.0,1.0
Kasper Høgh,Bodø/Glimt,UNKNOWN,DEN,72.75,160.0,117.0,0.0,2.0,0.0,1.0
Bjorn Meijer,Club Brugge,UNKNOWN,NED,72.72,77.0,63.0,16.67,6.0,1.0,0.0
Alejandro Garnacho,Chelsea,UNKNOWN,ARG,72.67,132.0,111.0,16.67,12.0,2.0,1.0
Arnau Tenas,Villarreal,UNKNOWN,ESP,72.67,109.0,79.0,0.0,0.0,0.0,3.0
Daniel Bassi,Bodø/Glimt,UNKNOWN,NOR,72.67,26.0,19.0,25.0,4.0,1.0,0.0
Isak Dybvik Määttä,Bodø/Glimt,UNKNOWN,NOR,72.6,82.0,65.0,0.0,0.0,0.0,1.0
Munashe Garananga,Copenhagen,UNKNOWN,ZIM,72.5,21.0,19.0,0.0,0.0,0.0,0.0
David Luiz,Pafos,CENTRE_BACK,BRA,72.43,212.0,157.0,0.0,0.0,0.0,26.0
Edmilson,Kairat Almaty,UNKNOWN,BRA,72.43,98.0,75.0,0.0,1.0,0.0,0.0
Nick Pope,Newcastle,UNKNOWN,ENG,72.25,236.0,169.0,0.0,0.0,0.0,12.0
Lorenzo Lucca,Napoli,UNKNOWN,ITA,72.2,21.0,18.0,0.0,0.0,0.0,0.0
Takumi Minamino,Monaco,STRIKER,JPN,72.0,103.0,74.0,75.0,4.0,3.0,0.0
Alexander Sørloth,Atleti,STRIKER,NOR,71.91,141.0,102.0,33.34,3.0,1.0,0.0
Alex Berenguer,Athletic Club,UNKNOWN,ESP,71.84,140.0,102.0,22.23,27.0,6.0,6.0
Yerkin Tapalov,Kairat Almaty,UNKNOWN,KAZ,71.75,220.0,161.0,14.29,7.0,1.0,7.0
Mohamed Elyounoussi,Copenhagen,WINGER,NOR,71.72,191.0,139.0,20.0,20.0,4.0,4.0
Nicolo Tresoldi,Club Brugge,UNKNOWN,GER,71.7,125.0,98.0,0.0,0.0,0.0,0.0
Mojmír Chytil,Slavia Praha,UNKNOWN,CZE,71.5,32.0,21.0,0.0,2.0,0.0,0.0
Álex Baena,Atleti,WINGER,ESP,71.45,175.0,148.0,15.79,19.0,3.0,3.0
Mattia Perin,Juventus,GOALKEEPER,ITA,71.25,137.0,99.0,0.0,0.0,0.0,8.0
Ole Didrik Blomberg,Bodø/Glimt,UNKNOWN,NOR,71.1,143.0,104.0,18.19,11.0,2.0,0.0
Oliver Edvardsen,Ajax,UNKNOWN,NOR,71.0,54.0,41.0,0.0,1.0,0.0,0.0
Stavros Pnevmonidis,Olympiacos,UNKNOWN,GRE,71.0,7.0,5.0,0.0,1.0,0.0,0.0
Mateusz Kochalski,Qarabağ,UNKNOWN,POL,70.8,314.0,223.0,0.0,0.0,0.0,27.0
Kjell Scherpen,Union SG,GOALKEEPER,NED,70.75,225.0,158.0,0.0,0.0,0.0,16.0
Gorka Guruzeta,Athletic Club,STRIKER,ESP,70.72,114.0,82.0,50.0,2.0,1.0,0.0
Pierre-Emerick Aubameyang,Marseille,STRIKER,GAB,70.63,136.0,94.0,0.0,7.0,0.0,0.0
Gonçalo Ramos,Paris,STRIKER,POR,70.6,59.0,49.0,0.0,0.0,0.0,1.0
Elias Achouri,Copenhagen,WINGER,TUN,70.43,131.0,97.0,18.19,11.0,2.0,2.0
Nikola Krstović,Atalanta,STRIKER,MNE,70.42,142.0,98.0,50.0,2.0,1.0,2.0
Ousseynou Niang,Union SG,UNKNOWN,SEN,70.29,137.0,91.0,6.25,16.0,1.0,1.0
Lorenzo Scipioni,Olympiacos,UNKNOWN,ARG,70.17,41.0,35.0,0.0,0.0,0.0,0.0
Anatoliy Trubin,Benfica,GOALKEEPER,UKR,70.1,261.0,183.0,0.0,1.0,0.0,29.0
David Moses,Slavia Praha,UNKNOWN,NGA,70.0,94.0,65.0,0.0,3.0,0.0,1.0
Randal Kolo Muani,Tottenham,UNKNOWN,FRA,69.89,85.0,54.0,33.34,3.0,1.0,0.0
Kauã Santos,Frankfurt,UNKNOWN,BRA,69.67,115.0,80.0,0.0,0.0,0.0,8.0
Valeri Gromyko,Kairat Almaty,UNKNOWN,BLR,69.63,235.0,168.0,22.23,18.0,4.0,7.0
Anderson,Pafos,UNKNOWN,BRA,69.58,58.0,46.0,0.0,3.0,0.0,0.0
Juan Musso,Atleti,UNKNOWN,ARG,69.5,62.0,43.0,0.0,0.0,0.0,6.0
Nordin Jackers,Club Brugge,GOALKEEPER,BEL,69.34,218.0,151.0,0.0,0.0,0.0,9.0
Gabriel Jesus,Arsenal,STRIKER,BRA,69.25,36.0,32.0,0.0,1.0,0.0,0.0
Fábio Silva,B. Dortmund,STRIKER,POR,69.12,93.0,71.0,100.0,2.0,2.0,2.0
Youssoupha Mbodji,Slavia Praha,UNKNOWN,SEN,69.0,93.0,64.0,12.5,8.0,1.0,0.0
Marco Carnesecchi,Atalanta,UNKNOWN,ITA,68.8,371.0,257.0,0.0,0.0,0.0,24.0
Remko Pasveer,Ajax,GOALKEEPER,NED,68.5,97.0,64.0,0.0,0.0,0.0,10.0
Temirlan Anarbekov,Kairat Almaty,UNKNOWN,KAZ,68.17,182.0,119.0,0.0,0.0,0.0,17.0
Jindřich Staněk,Slavia Praha,UNKNOWN,CZE,67.84,235.0,161.0,0.0,0.0,0.0,23.0
Erling Haaland,Man City,UNKNOWN,NOR,67.7,82.0,56.0,0.0,2.0,0.0,0.0
Jay Gorter,Pafos,UNKNOWN,NED,67.5,74.0,50.0,0.0,0.0,0.0,2.0
Sherhan Kalmurza,Kairat Almaty,UNKNOWN,KAZ,67.5,58.0,39.0,0.0,0.0,0.0,6.0
Gabriel Strefezza,Olympiacos,UNKNOWN,ITA,67.5,43.0,32.0,7.7,13.0,1.0,0.0
Sacha Boey,Galatasaray,FULL_BACK,FRA,67.43,110.0,104.0,33.34,3.0,1.0,1.0
Ange-Yoan Bonny,Inter,UNKNOWN,FRA,67.41,102.0,82.0,28.58,7.0,2.0,0.0
Nikita Haikin,Bodø/Glimt,UNKNOWN,RUS,67.17,485.0,321.0,0.0,0.0,0.0,32.0
Aaron Ramsdale,Newcastle,UNKNOWN,ENG,67.0,141.0,93.0,0.0,0.0,0.0,15.0
Aurele Amenda,Frankfurt,UNKNOWN,SUI,67.0,135.0,117.0,0.0,0.0,0.0,1.0
Max Dowman,Arsenal,MIDFIELDER,ENG,67.0,6.0,4.0,0.0,0.0,0.0,0.0
Manu Silva,Benfica,MIDFIELDER,POR,67.0,3.0,2.0,0.0,0.0,0.0,0.0
Matěj Kovář,PSV,GOALKEEPER,CZE,66.88,325.0,218.0,0.0,0.0,0.0,18.0
Filip Kostić,Juventus,WINGER,SRB,66.8,24.0,17.0,0.0,8.0,0.0,1.0
Tani Oluwaseyi,Villarreal,MIDFIELDER,CAN,66.58,54.0,35.0,0.0,1.0,0.0,0.0
Daniel Podence,Olympiacos,WINGER,POR,66.5,191.0,127.0,20.0,25.0,5.0,2.0
Dušan Vlahović,Juventus,STRIKER,SRB,66.25,46.0,33.0,50.0,2.0,1.0,0.0
Ansgar Knauff,Frankfurt,UNKNOWN,GER,66.13,139.0,92.0,16.67,6.0,1.0,0.0
Neofytos Michael,Pafos,UNKNOWN,CYP,65.84,232.0,154.0,0.0,0.0,0.0,12.0
Oscar Højlund,Frankfurt,UNKNOWN,DEN,65.67,52.0,51.0,0.0,1.0,0.0,0.0
Andreas Cornelius,Copenhagen,STRIKER,DEN,65.67,22.0,14.0,0.0,0.0,0.0,0.0
Victor Osimhen,Galatasaray,STRIKER,NGA,65.6,122.0,81.0,50.0,2.0,1.0,0.0
Vasilije Adžić,Juventus,UNKNOWN,MNE,65.58,91.0,70.0,33.34,6.0,2.0,3.0
Dominik Kotarski,Copenhagen,GOALKEEPER,CRO,65.5,245.0,161.0,0.0,0.0,0.0,26.0
Ross Sykes,Union SG,UNKNOWN,ENG,65.5,120.0,97.0,0.0,3.0,0.0,4.0
Lukas Hrádecký,Monaco,GOALKEEPER,FIN,65.5,53.0,35.0,0.0,0.0,0.0,6.0
Nicolas Jackson,Bayern München,UNKNOWN,SEN,65.0,110.0,93.0,50.0,2.0,1.0,0.0
Ulrik Saltnes,Bodø/Glimt,UNKNOWN,NOR,65.0,27.0,18.0,0.0,1.0,0.0,0.0
Philipp Köhn,Monaco,GOALKEEPER,SUI,64.75,210.0,134.0,0.0,0.0,0.0,19.0
Gianluca Scamacca,Atalanta,UNKNOWN,ITA,64.5,128.0,85.0,0.0,1.0,0.0,1.0
Ahmed Kutucu,Galatasaray,UNKNOWN,TUR,64.0,11.0,7.0,0.0,1.0,0.0,0.0
Daiki Hashioka,Slavia Praha,DEFENDER,JPN,63.75,47.0,32.0,0.0,0.0,0.0,1.0
Ferran Torres,Barcelona,WINGER,ESP,63.5,60.0,40.0,0.0,2.0,0.0,1.0
Azamat Tuyakbayev,Kairat Almaty,UNKNOWN,KAZ,63.5,32.0,24.0,0.0,1.0,0.0,0.0
Dani Bolt,Qarabağ,UNKNOWN,BRA,63.0,58.0,42.0,0.0,6.0,0.0,0.0
Kasper Dolberg,Ajax,FORWARD,DEN,63.0,40.0,32.0,0.0,2.0,0.0,0.0
Daniele Rugani,Juventus,CENTRE_BACK,ITA,63.0,18.0,15.0,0.0,0.0,0.0,0.0
Lynnt Audoor,Club Brugge,UNKNOWN,BEL,62.67,30.0,27.0,0.0,0.0,0.0,0.0
Toral Bayramov,Qarabağ,CENTRAL_MIDFIELDER,AZE,62.5,43.0,29.0,0.0,2.0,0.0,0.0
Tomáš Chorý,Slavia Praha,STRIKER,CZE,62.43,101.0,64.0,0.0,3.0,0.0,0.0
Liam Delap,Chelsea,UNKNOWN,ENG,62.2,27.0,21.0,50.0,2.0,1.0,0.0
Fedde Leysen,Union SG,CENTRE_BACK,BEL,62.15,151.0,124.0,0.0,2.0,0.0,9.0
Jakub Markovič,Slavia Praha,UNKNOWN,CZE,62.0,60.0,37.0,0.0,0.0,0.0,5.0
Michael Zetterer,Frankfurt,GOALKEEPER,GER,60.8,212.0,130.0,0.0,0.0,0.0,21.0
Richarlison,Tottenham,UNKNOWN,BRA,60.58,73.0,47.0,33.34,3.0,1.0,0.0
Ricardo Mangas,Sporting CP,UNKNOWN,POR,60.0,11.0,3.0,0.0,0.0,0.0,0.0
Stanis Idumbo,Monaco,UNKNOWN,BEL,60.0,5.0,3.0,0.0,0.0,0.0,0.0
Lucas Michal,Monaco,FORWARD,FRA,58.5,7.0,4.0,0.0,0.0,0.0,0.0
Kevin Rodriguez,Union SG,UNKNOWN,ECU,58.34,93.0,60.0,100.0,1.0,1.0,2.0
Mahmoud Dahoud,Frankfurt,CENTRAL_MIDFIELDER,GER,58.0,52.0,42.0,0.0,0.0,0.0,3.0
Magnus Riisnæs,Bodø/Glimt,UNKNOWN,NOR,58.0,19.0,11.0,0.0,0.0,0.0,1.0
Unai Simón,Athletic Club,GOALKEEPER,ESP,57.75,270.0,151.0,0.0,0.0,0.0,48.0
Antonio Vergara,Napoli,FORWARD,ITA,57.75,54.0,40.0,44.45,9.0,4.0,3.0
Mika Biereth,Monaco,UNKNOWN,DEN,57.25,33.0,18.0,0.0,1.0,0.0,0.0
Iñaki Williams,Athletic Club,WINGER,GHA,56.34,36.0,21.0,0.0,4.0,0.0,0.0
Robino Vaz,Marseille,UNKNOWN,FRA,56.25,11.0,8.0,0.0,0.0,0.0,0.0
Louis Patris,Union SG,DEFENDER,BEL,55.8,53.0,35.0,20.0,5.0,1.0,0.0
Viktor Daðason,Copenhagen,UNKNOWN,ISL,55.67,52.0,36.0,100.0,1.0,1.0,0.0
Daniel Maldini,Atalanta,ATTACKING_MIDFIELDER,ITA,55.0,11.0,6.0,100.0,1.0,1.0,0.0
João Correia,Pafos,WINGER,POR,54.0,32.0,26.0,0.0,2.0,0.0,0.0
Ricardinho,Kairat Almaty,UNKNOWN,BRA,54.0,30.0,16.0,100.0,2.0,2.0,0.0
Youssoupha Sanyang,Slavia Praha,UNKNOWN,GAM,53.84,88.0,56.0,0.0,2.0,0.0,2.0
Mauro Icardi,Galatasaray,STRIKER,ARG,53.8,37.0,29.0,0.0,1.0,0.0,0.0
Franjo Ivanović,Benfica,UNKNOWN,CRO,53.29,53.0,35.0,0.0,4.0,0.0,1.0
Brennan Johnson,Tottenham,MIDFIELDER,WAL,53.0,39.0,28.0,100.0,1.0,1.0,0.0
Shandre Campbell,Club Brugge,UNKNOWN,RSA,51.0,16.0,12.0,20.0,5.0,1.0,0.0
Sidny Lopes Cabral,Benfica,DEFENDER,CPV,50.0,7.0,7.0,0.0,5.0,0.0,2.0
Anders Klynge,Bodø/Glimt,UNKNOWN,DEN,50.0,7.0,5.0,0.0,0.0,0.0,0.0
Roman Yaremchuk,Olympiacos,STRIKER,UKR,50.0,4.0,2.0,0.0,0.0,0.0,0.0
Rafael Nel,Sporting CP,FORWARD,POR,50.0,4.0,2.0,0.0,0.0,0.0,0.0
Tadjidine Mmadi,Marseille,FORWARD,FRA,50.0,2.0,1.0,0.0,1.0,0.0,0.0
Kaye Furo,Club Brugge,UNKNOWN,BEL,50.0,2.0,1.0,0.0,0.0,0.0,0.0
Romelu Lukaku,Napoli,STRIKER,BEL,50.0,2.0,1.0,0.0,0.0,0.0,0.0
Alexander Staff,Frankfurt,UNKNOWN,GER,50.0,2.0,1.0,0.0,0.0,0.0,0.0
Ife Ibrahim,Arsenal,MIDFIELDER,ENG,50.0,2.0,1.0,0.0,0.0,0.0,0.0
Mathias Jørgensen,Bodø/Glimt,UNKNOWN,DEN,48.34,21.0,11.0,0.0,4.0,0.0,0.0
Promise David,Union SG,UNKNOWN,CAN,47.15,53.0,28.0,50.0,2.0,1.0,0.0
Kostas Tzolakis,Olympiacos,GOALKEEPER,GRE,44.89,257.0,116.0,0.0,0.0,0.0,26.0
Giorgi Kochorashvili,Sporting CP,UNKNOWN,GEO,41.0,56.0,46.0,0.0,4.0,0.0,1.0
João Rego,Benfica,UNKNOWN,POR,37.5,10.0,6.0,0.0,2.0,0.0,0.0
Michy Batshuayi,Frankfurt,STRIKER,BEL,37.5,8.0,6.0,0.0,0.0,0.0,0.0
Yoane Wissa,Newcastle,FORWARD,COD,34.5,17.0,12.0,0.0,1.0,0.0,0.0
Henrique Araújo,Benfica,STRIKER,POR,33.5,4.0,2.0,0.0,0.0,0.0,0.0
Myron Boadu,PSV,STRIKER,NED,25.0,2.0,1.0,0.0,0.0,0.0,0.0
Salvador Blopa,Sporting CP,DEFENDER,POR,10.0,5.0,1.0,0.0,0.0,0.0,0.0
Endrick,Real Madrid,UNKNOWN,BRA,0.0,1.0,0.0,0.0,0.0,0.0,0.0
José Neto,Benfica,UNKNOWN,POR,0.0,1.0,0.0,0.0,0.0,0.0,0.0
Carlos Martín,Atleti,UNKNOWN,ESP,0.0,1.0,0.0,0.0,0.0,0.0,0.0
Sean Neave,Newcastle,FORWARD,ENG,0.0,0.0,0.0,100.0,1.0,1.0,0.0
Marvin Dills,Frankfurt,MIDFIELDER,USA,0.0,0.0,0.0,0.0,0.0,0.0,0.0
Jessic Ngankam,Frankfurt,UNKNOWN,GER,0.0,0.0,0.0,0.0,0.0,0.0,0.0
Samuel Nibombe,Monaco,UNKNOWN,BEL,0.0,0.0,0.0,0.0,0.0,0.0,0.0
Rodrigo Rêgo,Benfica,FORWARD,POR,0.0,0.0,0.0,0.0,0.0,0.0,0.0
Tiago Freitas,Benfica,UNKNOWN,POR,0.0,0.0,0.0,0.0,0.0,0.0,0.0
John Ruddy,Newcastle,GOALKEEPER,ENG,0,0,0,0.0,0,0,0
Obed Vargas,Atleti,MIDFIELDER,MEX,0,0,0,0.0,0,0,0
Jannis Bärtl,Bayern München,GOALKEEPER,GER,0,0,0,0.0,0,0,0
Ange Lago,Marseille,FORWARD,CIV,0,0,0,0.0,0,0,0
Tynan Thompson,Tottenham,FORWARD,ENG,0,0,0,0.0,0,0,0
Tye Hall,Tottenham,MIDFIELDER,ENG,0,0,0,0.0,0,0,0
Adedamola Alabi,Newcastle,MIDFIELDER,ENG,0,0,0,0.0,0,0,0
David Spinelli,Napoli,GOALKEEPER,ITA,0,0,0,0.0,0,0,0
Hindrin Najah Chooly,Bodø/Glimt,FORWARD,NOR,0,0,0,0.0,0,0,0
Rayan Ouro Bang Na,Marseille,DEFENDER,FRA,0,0,0,0.0,0,0,0
Eyüp Karasu,Galatasaray,UNKNOWN,TUR,0,0,0,0.0,0,0,0
Anis Doubal,Marseille,DEFENDER,FRA,0,0,0,0.0,0,0,0
Leonard Prescott,Bayern München,GOALKEEPER,GER,0,0,0,0.0,0,0,0
Abdellah Ouazane,Ajax,MIDFIELDER,NED,0,0,0,0.0,0,0,0
Ander Izaguirre,Athletic Club,DEFENDER,ESP,0,0,0,0.0,0,0,0
Adrián Pérez,Athletic Club,FORWARD,ESP,0,0,0,0.0,0,0,0
Jon de Luis,Athletic Club,DEFENDER,ESP,0,0,0,0.0,0,0,0
Youssef Hamoutahar,Union SG,UNKNOWN,BEL,0,0,0,0.0,0,0,0
Mathias Ferrante,Napoli,GOALKEEPER,ITA,0,0,0,0.0,0,0,0
Yusuf Kahraman,Galatasaray,UNKNOWN,TUR,0,0,0,0.0,0,0,0
Ryan Kavuma-McQueen,Chelsea,FORWARD,ENG,0,0,0,0.0,0,0,0
Çağrı Balta,Galatasaray,UNKNOWN,TUR,0,0,0,0.0,0,0,0
Mikkel Bro Hansen,Bodø/Glimt,UNKNOWN,DEN,0,0,0,0.0,0,0,0
Bruno Ramos,Sporting CP,DEFENDER,BRA,0,0,0,0.0,0,0,0
Vince Osuji,Club Brugge,DEFENDER,NGA,0,0,0,0.0,0,0,0
Cassiano Kiala,Bayern München,UNKNOWN,GER,0,0,0,0.0,0,0,0
Luca Williams-Barnett,Tottenham,MIDFIELDER,ENG,0,0,0,0.0,0,0,0
Landon Emenalo,Chelsea,UNKNOWN,ENG,0,0,0,0.0,0,0,0
Danila Buch,Kairat Almaty,UNKNOWN,KAZ,0,0,0,0.0,0,0,0
Bakhtiyar Aldashev,Kairat Almaty,UNKNOWN,KAZ,0,0,0,0.0,0,0,0
Giovanni Leoni,Liverpool,UNKNOWN,ITA,0,0,0,0.0,0,0,0
Mikel Santos,Athletic Club,GOALKEEPER,ESP,0,0,0,0.0,0,0,0
Flávio Gonçalves,Sporting CP,UNKNOWN,POR,0,0,0,0.0,0,0,0
Ilane Toure,Monaco,DEFENDER,FRA,0,0,0,0.0,0,0,0
Yanis Benchaouch,Monaco,GOALKEEPER,FRA,0,0,0,0.0,0,0,0
Tyrone Samba,Man City,UNKNOWN,FRA,0,0,0,0.0,0,0,0
Kornel Misciur,Liverpool,GOALKEEPER,POL,0,0,0,0.0,0,0,0
Niccolò Rizzo,Juventus,DEFENDER,ITA,0,0,0,0.0,0,0,0
Amirbek Bazarbayev,Kairat Almaty,DEFENDER,KAZ,0,0,0,0.0,0,0,0
Dias Reimov,Kairat Almaty,GOALKEEPER,KAZ,0,0,0,0.0,0,0,0
Javier Gil,Juventus,UNKNOWN,ESP,0,0,0,0.0,0,0,0
Victor Valdepeñas,Real Madrid,DEFENDER,ESP,0,0,0,0.0,0,0,0
Javier Navarro,Real Madrid,GOALKEEPER,ESP,0,0,0,0.0,0,0,0
Felipe Chavez,Bayern München,MIDFIELDER,GER,0,0,0,0.0,0,0,0
Henry Camara,Atalanta,FORWARD,FRA,0,0,0,0.0,0,0,0
Samuele Inacio,B. Dortmund,FORWARD,ITA,0,0,0,0.0,0,0,0
Furkan Koçak,Galatasaray,UNKNOWN,TUR,0,0,0,0.0,0,0,0
Tim Oermann,Leverkusen,DEFENDER,GER,0,0,0,0.0,0,0,0
Rayan Lucas,Sporting CP,UNKNOWN,BRA,0,0,0,0.0,0,0,0
Federico Cassa,Atalanta,FORWARD,ITA,0,0,0,0.0,0,0,0
Daniel Banjaqui,Benfica,UNKNOWN,POR,0,0,0,0.0,0,0,0
Anísio Cabral,Benfica,FORWARD,POR,0,0,0,0.0,0,0,0
Ben Hawighorst,Leverkusen,DEFENDER,GER,0,0,0,0.0,0,0,0
Mamadou Thierno Barry,Union SG,UNKNOWN,SEN,0,0,0,0.0,0,0,0
Vincenzo Prisco,Napoli,MIDFIELDER,ITA,0,0,0,0.0,0,0,0
Malachi Hardy,Tottenham,DEFENDER,ENG,0,0,0,0.0,0,0,0
Martin Kovář,Slavia Praha,DEFENDER,CZE,0,0,0,0.0,0,0,0
Dominic Vavassori,Atalanta,FORWARD,ITA,0,0,0,0.0,0,0,0
Eus Waaijers,PSV,DEFENDER,NED,0,0,0,0.0,0,0,0
Matteo Lavelli,Inter,UNKNOWN,ITA,0,0,0,0.0,0,0,0
Lucas Beraldo,Paris,UNKNOWN,BRA,0,0,0,0.0,0,0,0
Diego Aguado,Real Madrid,UNKNOWN,ESP,0,0,0,0.0,0,0,0
David Daiber,Bayern München,MIDFIELDER,POR,0,0,0,0.0,0,0,0
Šimon Slončík,Slavia Praha,MIDFIELDER,CZE,0,0,0,0.0,0,0,0
Jules Stawiecki,Monaco,UNKNOWN,FRA,0,0,0,0.0,0,0,0
Renato Marin,Paris,UNKNOWN,ITA,0,0,0,0.0,0,0,0
Mauro Couto,Sporting CP,FORWARD,POR,0,0,0,0.0,0,0,0
Tomas Marques,Barcelona,MIDFIELDER,ESP,0,0,0,0.0,0,0,0
Toni Fernandez,Barcelona,UNKNOWN,ESP,0,0,0,0.0,0,0,0
Pedro Henrique Fontoura Caldierado,Pafos,FORWARD,ITA,0,0,0,0.0,0,0,0
Joan Martínez,Real Madrid,DEFENDER,ESP,0,0,0,0.0,0,0,0
Dominik Sarapata,Copenhagen,UNKNOWN,POL,0,0,0,0.0,0,0,0
David Moreira,Sporting CP,DEFENDER,CPV,0,0,0,0.0,0,0,0
Khari Ranson,Arsenal,UNKNOWN,ENG,0,0,0,0.0,0,0,0
Jack Porter,Arsenal,GOALKEEPER,ENG,0,0,0,0.0,0,0,0
Argyrios Liatsikouras,Olympiacos,UNKNOWN,GRE,0,0,0,0.0,0,0,0
Eder Aller,Barcelona,UNKNOWN,ESP,0,0,0,0.0,0,0,0
Alvaro Cortes,Barcelona,DEFENDER,ESP,0,0,0,0.0,0,0,0
Georgios Kouraklis,Olympiacos,UNKNOWN,GRE,0,0,0,0.0,0,0,0
Adam Harrison,Newcastle,GOALKEEPER,ENG,0,0,0,0.0,0,0,0
Aidan Harris,Newcastle,GOALKEEPER,ENG,0,0,0,0.0,0,0,0
Alexandros Exarchos,Olympiacos,UNKNOWN,GRE,0,0,0,0.0,0,0,0
Martin James,Paris,GOALKEEPER,FRA,0,0,0,0.0,0,0,0
Noah Nsoki,Paris,MIDFIELDER,FRA,0,0,0,0.0,0,0,0
Mathis Jangeal,Paris,FORWARD,FRA,0,0,0,0.0,0,0,0
Emmanuele De Chiara,Napoli,UNKNOWN,ITA,0,0,0,0.0,0,0,0
Joshua Wynder,Benfica,UNKNOWN,USA,0,0,0,0.0,0,0,0
Elias Benkara,B. Dortmund,UNKNOWN,GER,0,0,0,0.0,0,0,0
Petros Petrou,Pafos,GOALKEEPER,CYP,0,0,0,0.0,0,0,0
Samuel Van Hoogen,Club Brugge,UNKNOWN,BEL,0,0,0,0.0,0,0,0
Nicolas Verkooijen,PSV,UNKNOWN,BEL,0,0,0,0.0,0,0,0
Alain Taho,Inter,GOALKEEPER,ALB,0,0,0,0.0,0,0,0
Louie Copley,Arsenal,MIDFIELDER,ENG,0,0,0,0.0,0,0,0
Alexei Rojas,Arsenal,UNKNOWN,ENG,0,0,0,0.0,0,0,0
Joshua Nichols,Arsenal,DEFENDER,ENG,0,0,0,0.0,0,0,0
Iker Luque,Atleti,DEFENDER,ESP,0,0,0,0.0,0,0,0
Taufyk Zanzi,Atleti,MIDFIELDER,ESP,0,0,0,0.0,0,0,0
Adamo Nagalo,PSV,UNKNOWN,BFA,0,0,0,0.0,0,0,0
Tijn Smolenaars,PSV,UNKNOWN,NED,0,0,0,0.0,0,0,0
Max Thompson,Newcastle,GOALKEEPER,ENG,0,0,0,0.0,0,0,0
August Mikkelsen,Bodø/Glimt,UNKNOWN,NOR,0,0,0,0.0,0,0,0
Yáser Asprilla,Galatasaray,MIDFIELDER,COL,0,0,0,0.0,0,0,0
Robin van Duiven,PSV,FORWARD,NED,0,0,0,0.0,0,0,0
Christian Garofalo,Napoli,DEFENDER,ITA,0,0,0,0.0,0,0,0
Liam West,Copenhagen,MIDFIELDER,NOR,0,0,0,0.0,0,0,0
Hikmat Jabrayilzade,Qarabağ,UNKNOWN,AZE,0,0,0,0.0,0,0,0
Ege Araç,Galatasaray,UNKNOWN,TUR,0,0,0,0.0,0,0,0
Jofre Torrents,Barcelona,DEFENDER,ESP,0,0,0,0.0,0,0,0
Juan Hernández,Barcelona,FORWARD,ESP,0,0,0,0.0,0,0,0
Divine Mukasa,Man City,UNKNOWN,ENG,0,0,0,0.0,0,0,0
Stephen Mfuni,Man City,UNKNOWN,ENG,0,0,0,0.0,0,0,0
Marek Naskos,Slavia Praha,UNKNOWN,CZE,0,0,0,0.0,0,0,0
Jakub Kolísek,Slavia Praha,UNKNOWN,CZE,0,0,0,0.0,0,0,0
Jonathan Moalem,Copenhagen,UNKNOWN,DEN,0,0,0,0.0,0,0,0
Graham Ankamafio,Copenhagen,DEFENDER,DEN,0,0,0,0.0,0,0,0
Isak Sjong,Bodø/Glimt,GOALKEEPER,NOR,0,0,0,0.0,0,0,0
Mylo van der Lans,Ajax,MIDFIELDER,NED,0,0,0,0.0,0,0,0
Joel van den Berg,PSV,DEFENDER,NED,0,0,0,0.0,0,0,0
Leon Klanac,Bayern München,GOALKEEPER,GER,0,0,0,0.0,0,0,0
Eduardo Felicíssimo,Sporting CP,UNKNOWN,POR,0,0,0,0.0,0,0,0
Matteo Fuscaldo,Juventus,GOALKEEPER,ITA,0,0,0,0.0,0,0,0
Gonçalo Oliveira,Benfica,UNKNOWN,POR,0,0,0,0.0,0,0,0
Shumaira Mheuka,Chelsea,UNKNOWN,ENG,0,0,0,0.0,0,0,0
Samuel Pikolon,Slavia Praha,UNKNOWN,CZE,0,0,0,0.0,0,0,0
Matteo Cocchi,Inter,UNKNOWN,ITA,0,0,0,0.0,0,0,0
Kieran Morrison,Liverpool,UNKNOWN,NIR,0,0,0,0.0,0,0,0
Charles Sagoe Jr,Arsenal,MIDFIELDER,ENG,0,0,0,0.0,0,0,0
Kian Noble,Man City,UNKNOWN,ENG,0,0,0,0.0,0,0,0
Charlie Gray,Man City,MIDFIELDER,ENG,0,0,0,0.0,0,0,0
Argus Vanden Driessche,Club Brugge,UNKNOWN,BEL,0,0,0,0.0,0,0,0
Oscar Buur,Copenhagen,UNKNOWN,DEN,0,0,0,0.0,0,0,0
Elijah Gift,Athletic Club,UNKNOWN,ESP,0,0,0,0.0,0,0,0
Mathis Clement,Marseille,FORWARD,FRA,0,0,0,0.0,0,0,0
Diogo Ferreira,Benfica,UNKNOWN,POR,0,0,0,0.0,0,0,0
Leandro Santos,Benfica,UNKNOWN,POR,0,0,0,0.0,0,0,0
Luca Gunter,Tottenham,GOALKEEPER,ENG,0,0,0,0.0,0,0,0
Yusuf Akhamrich,Tottenham,FORWARD,ENG,0,0,0,0.0,0,0,0
James Rowswell,Tottenham,DEFENDER,ENG,0,0,0,0.0,0,0,0
Daniel Moreno,Atleti,DEFENDER,ESP,0,0,0,0.0,0,0,0
Max Merrick,Chelsea,GOALKEEPER,ENG,0,0,0,0.0,0,0,0
Paul Reverson,Ajax,UNKNOWN,NED,0,0,0,0.0,0,0,0
Fran González,Real Madrid,UNKNOWN,ESP,0,0,0,0.0,0,0,0
Daniel Toula,Slavia Praha,FORWARD,CZE,0,0,0,0.0,0,0,0
Tomáš Jelínek,Slavia Praha,FORWARD,CZE,0,0,0,0.0,0,0,0
Adam Rezek,Slavia Praha,GOALKEEPER,CZE,0,0,0,0.0,0,0,0
Ferdinand Pohl,Leverkusen,UNKNOWN,GER,0,0,0,0.0,0,0,0
Ken Izekor,Leverkusen,FORWARD,GER,0,0,0,0.0,0,0,0
Naba Mensah,Leverkusen,MIDFIELDER,GER,0,0,0,0.0,0,0,0
Jesper Schlich,Leverkusen,GOALKEEPER,GER,0,0,0,0.0,0,0,0
Elias Baum,Frankfurt,UNKNOWN,GER,0,0,0,0.0,0,0,0
Fousseny Doumbia,Frankfurt,DEFENDER,GER,0,0,0,0.0,0,0,0
Leonardo Bovo,Inter,MIDFIELDER,ITA,0,0,0,0.0,0,0,0
Axl De Corte,Club Brugge,UNKNOWN,BEL,0,0,0,0.0,0,0,0
Nathan Huygevelde,Union SG,MIDFIELDER,BEL,0,0,0,0.0,0,0,0
Soulaimane Berradi,Union SG,FORWARD,BEL,0,0,0,0.0,0,0,0
Alexander Meyer,B. Dortmund,UNKNOWN,GER,0,0,0,0.0,0,0,0
Dani Rodríguez,Barcelona,UNKNOWN,ESP,0,0,0,0.0,0,0,0
Pol Fortuny,Real Madrid,UNKNOWN,ESP,0,0,0,0.0,0,0,0
Julien Duranville,B. Dortmund,UNKNOWN,BEL,0,0,0,0.0,0,0,0
Relja Obrić,Atalanta,DEFENDER,SVN,0,0,0,0.0,0,0,0
Vincent Manuba,Bayern München,UNKNOWN,GER,0,0,0,0.0,0,0,0
Almugera Kabar,B. Dortmund,UNKNOWN,GER,0,0,0,0.0,0,0,0
Gökdeniz Gürpüz,Galatasaray,UNKNOWN,TUR,0,0,0,0.0,0,0,0
Eliáš Piták,Slavia Praha,DEFENDER,CZE,0,0,0,0.0,0,0,0
Joeri Heerkens,Ajax,UNKNOWN,NED,0,0,0,0.0,0,0,0
Francisco Silva,Sporting CP,GOALKEEPER,POR,0,0,0,0.0,0,0,0
Diego Kochen,Barcelona,UNKNOWN,USA,0,0,0,0.0,0,0,0
Ivan Lima,Benfica,UNKNOWN,POR,0,0,0,0.0,0,0,0
Alex Padilla,Athletic Club,UNKNOWN,ESP,0,0,0,0.0,0,0,0
Christos Alexiou,Inter,UNKNOWN,GRE,0,0,0,0.0,0,0,0
Rio Kyerematen,Tottenham,MIDFIELDER,ENG,0,0,0,0.0,0,0,0
Wellity Lucky,Liverpool,DEFENDER,ESP,0,0,0,0.0,0,0,0
Jayden Danns,Liverpool,UNKNOWN,ENG,0,0,0,0.0,0,0,0
Ted Curd,Chelsea,GOALKEEPER,ENG,0,0,0,0.0,0,0,0
João Veloso,Benfica,UNKNOWN,POR,0,0,0,0.0,0,0,0
Teddy Sharman-Lowe,Chelsea,GOALKEEPER,ENG,0,0,0,0.0,0,0,0
Lucas Anjos,Sporting CP,FORWARD,POR,0,0,0,0.0,0,0,0
Tommy Setford,Arsenal,UNKNOWN,ENG,0,0,0,0.0,0,0,0
Salvador Esquivel,Atleti,GOALKEEPER,ESP,0,0,0,0.0,0,0,0
Julio Díaz,Atleti,DEFENDER,ESP,0,0,0,0.0,0,0,0
Rayane Belid,Atleti,UNKNOWN,ESP,0,0,0,0.0,0,0,0
David Jiménez,Real Madrid,DEFENDER,ESP,0,0,0,0.0,0,0,0
Danylo Krevsun,B. Dortmund,UNKNOWN,UKR,0,0,0,0.0,0,0,0
Yann Lienard,Monaco,GOALKEEPER,FRA,0,0,0,0.0,0,0,0
Diego Callai,Sporting CP,UNKNOWN,ITA,0,0,0,0.0,0,0,0
Cole Campbell,B. Dortmund,UNKNOWN,ISL,0,0,0,0.0,0,0,0
,,,,0,0,0,0.0,0,0,0
Magnus Brøndbo,Bodø/Glimt,UNKNOWN,NOR,0,0,0,0.0,0,0,0
Alessandro Calligaris,Inter,UNKNOWN,ITA,0,0,0,0.0,0,0,0
Nikolaos Botis,Olympiacos,UNKNOWN,GRE,0,0,0,0.0,0,0,0
Jonas Rouhi,Juventus,UNKNOWN,SWE,0,0,0,0.0,0,0,0
Javier Boñar,Atleti,DEFENDER,ESP,0,0,0,0.0,0,0,0
Jelle Van Neck,Marseille,UNKNOWN,BEL,0,0,0,0.0,0,0,0
Alexios Kalogeropoulos,Olympiacos,UNKNOWN,GRE,0,0,0,0.0,0,0,0
Silas Ostrzinski,B. Dortmund,GOALKEEPER,GER,0,0,0,0.0,0,0,0
Niek Schiks,PSV,GOALKEEPER,NED,0,0,0,0.0,0,0,0
Alexander Bah,Benfica,FULL_BACK,DEN,0,0,0,0.0,0,0,0
Mario De Luis,Atleti,GOALKEEPER,ESP,0,0,0,0.0,0,0,0
Gavi,Barcelona,UNKNOWN,ESP,0,0,0,0.0,0,0,0
Rafel Obrador,Benfica,CENTRE_BACK,ESP,0,0,0,0.0,0,0,0
Simone Scaglia,Juventus,GOALKEEPER,ITA,0,0,0,0.0,0,0,0
Diogo Prioste,Benfica,UNKNOWN,POR,0,0,0,0.0,0,0,0
Amin Ramazanov,Qarabağ,GOALKEEPER,AZE,0,0,0,0.0,0,0,0
Vic Chambaere,Union SG,UNKNOWN,BEL,0,0,0,0.0,0,0,0
Athanasios Papadoudis,Pafos,GOALKEEPER,GRE,0,0,0,0.0,0,0,0
Yusuf Demir,Galatasaray,UNKNOWN,AUT,0,0,0,0.0,0,0,0
Ludovit Reis,Club Brugge,UNKNOWN,NED,0,0,0,0.0,0,0,0
Adrià Altimira,Villarreal,UNKNOWN,ESP,0,0,0,0.0,0,0,0
Metehan Baltacı,Galatasaray,UNKNOWN,TUR,0,0,0,0.0,0,0,0
Samuel Soares,Benfica,GOALKEEPER,POR,0,0,0,0.0,0,0,0
Brandon Austin,Tottenham,GOALKEEPER,ENG,0,0,0,0.0,0,0,0
Mitchel Bakker,Atalanta,UNKNOWN,NED,0,0,0,0.0,0,0,0
Josep Martínez,Inter,UNKNOWN,ESP,0,0,0,0.0,0,0,0
Fabijan Buntić,Qarabağ,UNKNOWN,CRO,0,0,0,0.0,0,0,0
Batuhan Şen,Galatasaray,GOALKEEPER,TUR,0,0,0,0.0,0,0,0
Julian Faye Lund,Bodø/Glimt,UNKNOWN,NOR,0,0,0,0.0,0,0,0
Salih Özcan,B. Dortmund,ATTACKING_MIDFIELDER,TUR,0,0,0,0.0,0,0,0
Jeffrey de Lange,Marseille,UNKNOWN,NED,0,0,0,0.0,0,0,0
Diego Conde,Villarreal,UNKNOWN,ESP,0,0,0,0.0,0,0,0
Jonas Omlin,Leverkusen,GOALKEEPER,SUI,0,0,0,0.0,0,0,0
Alexandr Zarutskiy,Kairat Almaty,UNKNOWN,KAZ,0,0,0,0.0,0,0,0
Abbas Hüseynov,Qarabağ,FULL_BACK,AZE,0,0,0,0.0,0,0,0
Shakhrudin Magomedaliyev,Qarabağ,GOALKEEPER,AZE,0,0,0,0.0,0,0,0
Nikita Contini,Napoli,GOALKEEPER,ITA,0,0,0,0.0,0,0,0
Freddie Woodman,Liverpool,UNKNOWN,ENG,0,0,0,0.0,0,0,0
Emil Krafth,Newcastle,UNKNOWN,SWE,0,0,0,0.0,0,0,0
Nick Olij,PSV,GOALKEEPER,NED,0,0,0,0.0,0,0,0
Branco van den Boomen,Ajax,UNKNOWN,NED,0,0,0,0.0,0,0,0
Rúnar Rúnarsson,Copenhagen,GOALKEEPER,ISL,0,0,0,0.0,0,0,0
Niklas Lomb,Leverkusen,GOALKEEPER,GER,0,0,0,0.0,0,0,0
Timothy Chandler,Frankfurt,FULL_BACK,USA,0,0,0,0.0,0,0,0
Raffaele Di Gennaro,Inter,GOALKEEPER,ITA,0,0,0,0.0,0,0,0
Paul Pogba,Monaco,CENTRAL_MIDFIELDER,FRA,0,0,0,0.0,0,0,0
Francesco Rossi,Atalanta,GOALKEEPER,ITA,0,0,0,0.0,0,0,0
Bruma,Benfica,ATTACKING_MIDFIELDER,POR,0,0,0,0.0,0,0,0
Marcus Bettinelli,Man City,UNKNOWN,ENG,0,0,0,0.0,0,0,0
Marc-André ter Stegen,Barcelona,GOALKEEPER,GER,0,0,0,0.0,0,0,0
Carlo Pinsoglio,Juventus,UNKNOWN,ITA,0,0,0,0.0,0,0,0
Jens Grahl,Frankfurt,UNKNOWN,GER,0,0,0,0.0,0,0,0
Sven Ulreich,Bayern München,UNKNOWN,GER,0,0,0,0.0,0,0,0
